{
  "categories": {
    "ParameterChange": {
      "count": 52,
      "passCount": 52,
      "voteDistribution": {
        "ABSTAIN": 314,
        "YES": 1238,
        "NO_VOTE": 1554,
        "NO": 13,
        "WEIGHTED_VOTE": 1
      },
      "votingPowerDistribution": {
        "ABSTAIN": 4.470597999999996,
        "YES": 16.267777999999964,
        "NO_VOTE": 6.839543000000005,
        "NO": 0.172306,
        "WEIGHTED_VOTE": 0.000016
      },
      "passRate": 100
    },
    "MarketRelated": {
      "count": 183,
      "passCount": 162,
      "voteDistribution": {
        "YES": 4079,
        "ABSTAIN": 501,
        "NO_VOTE": 6376,
        "NO": 24
      },
      "votingPowerDistribution": {
        "YES": 50.124989000000305,
        "ABSTAIN": 5.636591999999986,
        "NO_VOTE": 30.72112599999985,
        "NO": 0.33736999999999995
      },
      "passRate": 88.52459016393442
    },
    "CommunityPoolSpend": {
      "count": 45,
      "passCount": 40,
      "voteDistribution": {
        "YES": 1175,
        "ABSTAIN": 229,
        "NO_VOTE": 1166,
        "NO": 130
      },
      "votingPowerDistribution": {
        "YES": 14.91738399999996,
        "ABSTAIN": 2.8646949999999958,
        "NO_VOTE": 5.391226000000004,
        "NO": 1.855835
      },
      "passRate": 88.88888888888889
    },
    "SmartContract": {
      "count": 89,
      "passCount": 83,
      "voteDistribution": {
        "ABSTAIN": 1875,
        "YES": 2005,
        "NO": 400,
        "NO_VOTE": 1053,
        "NO_WITH_VETO": 7
      },
      "votingPowerDistribution": {
        "ABSTAIN": 24.918433000000043,
        "YES": 26.00920399999994,
        "NO": 4.844498999999996,
        "NO_VOTE": 4.85303700000001,
        "NO_WITH_VETO": 0.042581
      },
      "passRate": 93.25842696629213
    },
    "TextProposal": {
      "count": 19,
      "passCount": 15,
      "voteDistribution": {
        "ABSTAIN": 159,
        "NO": 22,
        "YES": 390,
        "NO_VOTE": 568,
        "NO_WITH_VETO": 1
      },
      "votingPowerDistribution": {
        "ABSTAIN": 2.0849070000000007,
        "NO": 0.404646,
        "YES": 4.7419489999999955,
        "NO_VOTE": 2.744510999999998,
        "NO_WITH_VETO": 0.016466
      },
      "passRate": 78.94736842105263
    },
    "SoftwareUpgrade": {
      "count": 14,
      "passCount": 14,
      "voteDistribution": {
        "YES": 398,
        "ABSTAIN": 16,
        "NO_VOTE": 426
      },
      "votingPowerDistribution": {
        "YES": 5.067985999999996,
        "ABSTAIN": 0.17077399999999998,
        "NO_VOTE": 1.8532629999999983
      },
      "passRate": 100
    },
    "IBCRelated": {
      "count": 4,
      "passCount": 4,
      "voteDistribution": {
        "YES": 150,
        "NO_VOTE": 88,
        "ABSTAIN": 2
      },
      "votingPowerDistribution": {
        "YES": 1.7113550000000006,
        "NO_VOTE": 0.39509200000000005,
        "ABSTAIN": 0.019015999999999998
      },
      "passRate": 100
    }
  },
  "topics": {
    "Fee Adjustment": {
      "category": "ParameterChange",
      "count": 11,
      "passCount": 11,
      "voteDistribution": {
        "ABSTAIN": 42,
        "YES": 257,
        "NO_VOTE": 361
      },
      "votingPowerDistribution": {
        "ABSTAIN": 0.560475,
        "YES": 3.293013999999995,
        "NO_VOTE": 1.7955109999999992
      },
      "passRate": 100
    },
    "Oracle Update": {
      "category": "MarketRelated",
      "count": 49,
      "passCount": 46,
      "voteDistribution": {
        "YES": 940,
        "ABSTAIN": 152,
        "NO_VOTE": 1829,
        "NO": 19
      },
      "votingPowerDistribution": {
        "YES": 12.254268999999981,
        "ABSTAIN": 1.8574550000000034,
        "NO_VOTE": 8.117877000000007,
        "NO": 0.29460499999999995
      },
      "passRate": 93.87755102040816
    },
    "Market Addition": {
      "category": "MarketRelated",
      "count": 82,
      "passCount": 65,
      "voteDistribution": {
        "YES": 1441,
        "ABSTAIN": 213,
        "NO_VOTE": 3262,
        "NO": 4
      },
      "votingPowerDistribution": {
        "YES": 17.481755999999965,
        "ABSTAIN": 2.5173399999999977,
        "NO_VOTE": 16.421907,
        "NO": 0.04276
      },
      "passRate": 79.26829268292683
    },
    "Community Support": {
      "category": "CommunityPoolSpend",
      "count": 45,
      "passCount": 40,
      "voteDistribution": {
        "YES": 1175,
        "ABSTAIN": 229,
        "NO_VOTE": 1166,
        "NO": 130
      },
      "votingPowerDistribution": {
        "YES": 14.91738399999996,
        "ABSTAIN": 2.8646949999999958,
        "NO_VOTE": 5.391226000000004,
        "NO": 1.855835
      },
      "passRate": 88.88888888888889
    },
    "Protocol Configuration": {
      "category": "ParameterChange",
      "count": 16,
      "passCount": 16,
      "voteDistribution": {
        "ABSTAIN": 184,
        "YES": 370,
        "NO": 12,
        "NO_VOTE": 394
      },
      "votingPowerDistribution": {
        "ABSTAIN": 2.7957270000000003,
        "YES": 4.677009999999999,
        "NO": 0.171735,
        "NO_VOTE": 1.449095999999999
      },
      "passRate": 100
    },
    "Contract Deployment": {
      "category": "SmartContract",
      "count": 81,
      "passCount": 75,
      "voteDistribution": {
        "ABSTAIN": 1779,
        "YES": 1726,
        "NO": 393,
        "NO_VOTE": 955,
        "NO_WITH_VETO": 7
      },
      "votingPowerDistribution": {
        "ABSTAIN": 23.62455100000004,
        "YES": 22.48955499999996,
        "NO": 4.769273999999997,
        "NO_VOTE": 4.457772000000013,
        "NO_WITH_VETO": 0.042581
      },
      "passRate": 92.5925925925926
    },
    "Staking Parameters": {
      "category": "ParameterChange",
      "count": 7,
      "passCount": 7,
      "voteDistribution": {
        "YES": 188,
        "ABSTAIN": 19,
        "NO_VOTE": 211,
        "NO": 1,
        "WEIGHTED_VOTE": 1
      },
      "votingPowerDistribution": {
        "YES": 2.310518,
        "ABSTAIN": 0.264906,
        "NO_VOTE": 0.9900979999999995,
        "NO": 0.000571,
        "WEIGHTED_VOTE": 0.000016
      },
      "passRate": 100
    },
    "Economic Parameters": {
      "category": "ParameterChange",
      "count": 18,
      "passCount": 18,
      "voteDistribution": {
        "YES": 423,
        "ABSTAIN": 69,
        "NO_VOTE": 588
      },
      "votingPowerDistribution": {
        "YES": 5.987236000000002,
        "ABSTAIN": 0.8494899999999997,
        "NO_VOTE": 2.6048379999999987
      },
      "passRate": 100
    },
    "Trading Parameters": {
      "category": "MarketRelated",
      "count": 36,
      "passCount": 35,
      "voteDistribution": {
        "YES": 1252,
        "ABSTAIN": 95,
        "NO_VOTE": 812,
        "NO": 1
      },
      "votingPowerDistribution": {
        "YES": 15.14601599999998,
        "ABSTAIN": 0.912107999999999,
        "NO_VOTE": 4.000696999999998,
        "NO": 0.000005
      },
      "passRate": 97.22222222222221
    },
    "Governance Process": {
      "category": "TextProposal",
      "count": 17,
      "passCount": 14,
      "voteDistribution": {
        "ABSTAIN": 142,
        "NO": 17,
        "YES": 342,
        "NO_VOTE": 518,
        "NO_WITH_VETO": 1
      },
      "votingPowerDistribution": {
        "ABSTAIN": 1.8790530000000005,
        "NO": 0.310419,
        "YES": 4.096445999999995,
        "NO_VOTE": 2.533161999999998,
        "NO_WITH_VETO": 0.016466
      },
      "passRate": 82.35294117647058
    },
    "Major Release": {
      "category": "SoftwareUpgrade",
      "count": 5,
      "passCount": 5,
      "voteDistribution": {
        "YES": 233,
        "ABSTAIN": 10,
        "NO_VOTE": 57
      },
      "votingPowerDistribution": {
        "YES": 2.742154999999998,
        "ABSTAIN": 0.117717,
        "NO_VOTE": 0.3036179999999999
      },
      "passRate": 100
    },
    "Contract Integration": {
      "category": "SmartContract",
      "count": 4,
      "passCount": 4,