{
  "categories": {
    "ParameterChange": {
      "count": 30,
      "passCount": 27,
      "voteDistribution": {
        "YES": 659,
        "ABSTAIN": 54,
        "NO_VOTE": 1517,
        "NO": 43,
        "NO_WITH_VETO": 2
      },
      "votingPowerDistribution": {
        "YES": 9.189357999999991,
        "ABSTAIN": 0.6432120000000003,
        "NO_VOTE": 10.222124,
        "NO": 0.423067,
        "NO_WITH_VETO": 0.086342
      },
      "passRate": 90
    },
    "CommunityPoolSpend": {
      "count": 114,
      "passCount": 102,
      "voteDistribution": {
        "YES": 2260,
        "ABSTAIN": 701,
        "NO": 309,
        "NO_VOTE": 5360,
        "NO_WITH_VETO": 8
      },
      "votingPowerDistribution": {
        "YES": 30.6666850000001,
        "ABSTAIN": 8.790227999999994,
        "NO": 4.743014,
        "NO_VOTE": 32.618038000000126,
        "NO_WITH_VETO": 0.062762
      },
      "passRate": 89.47368421052632
    },
    "SoftwareUpgrade": {
      "count": 14,
      "passCount": 12,
      "voteDistribution": {
        "YES": 551,
        "NO_VOTE": 422,
        "ABSTAIN": 4,
        "NO": 81,
        "NO_WITH_VETO": 3
      },
      "votingPowerDistribution": {
        "YES": 7.568405999999993,
        "NO_VOTE": 1.579584999999998,
        "ABSTAIN": 0.07827600000000001,
        "NO": 1.150588,
        "NO_WITH_VETO": 0.046023999999999995
      },
      "passRate": 85.71428571428571
    },
    "TextProposal": {
      "count": 67,
      "passCount": 28,
      "voteDistribution": {
        "NO_WITH_VETO": 795,
        "NO_VOTE": 3300,
        "YES": 685,
        "ABSTAIN": 169,
        "NO": 142
      },
      "votingPowerDistribution": {
        "NO_WITH_VETO": 10.336282999999987,
        "NO_VOTE": 21.598836000000084,
        "YES": 9.167682000000003,
        "ABSTAIN": 1.936914,
        "NO": 1.6901369999999993
      },
      "passRate": 41.7910447761194
    },
    "IBCRelated": {
      "count": 4,
      "passCount": 4,
      "voteDistribution": {
        "YES": 144,
        "NO_VOTE": 156,
        "ABSTAIN": 2
      },
      "votingPowerDistribution": {
        "YES": 2.0128380000000003,
        "NO_VOTE": 0.706446,
        "ABSTAIN": 0.023559
      },
      "passRate": 100
    }
  },
  "topics": {
    "Protocol Configuration": {
      "category": "ParameterChange",
      "count": 11,
      "passCount": 10,
      "voteDistribution": {
        "YES": 170,
        "ABSTAIN": 18,
        "NO_VOTE": 639,
        "NO": 4
      },
      "votingPowerDistribution": {
        "YES": 2.2789509999999997,
        "ABSTAIN": 0.34155099999999994,
        "NO_VOTE": 4.630329999999999,
        "NO": 0.016834000000000002
      },
      "passRate": 90.9090909090909
    },
    "Community Support": {
      "category": "CommunityPoolSpend",
      "count": 107,
      "passCount": 96,
      "voteDistribution": {
        "YES": 2117,
        "ABSTAIN": 645,
        "NO": 284,
        "NO_VOTE": 5057,
        "NO_WITH_VETO": 3
      },
      "votingPowerDistribution": {
        "YES": 28.75502500000009,
        "ABSTAIN": 8.22210799999999,
        "NO": 4.290815000000001,
        "NO_VOTE": 30.794309000000144,
        "NO_WITH_VETO": 0.020741
      },
      "passRate": 89.7196261682243
    },
    "Security Enhancement": {
      "category": "SoftwareUpgrade",
      "count": 12,
      "passCount": 10,
      "voteDistribution": {
        "YES": 453,
        "NO_VOTE": 368,
        "ABSTAIN": 4,
        "NO": 81,
        "NO_WITH_VETO": 3
      },
      "votingPowerDistribution": {
        "YES": 6.2665229999999985,
        "NO_VOTE": 1.3015179999999986,
        "ABSTAIN": 0.07827600000000001,
        "NO": 1.150588,
        "NO_WITH_VETO": 0.046023999999999995
      },
      "passRate": 83.33333333333334
    },
    "Governance Process": {
      "category": "TextProposal",
      "count": 42,
      "passCount": 9,
      "voteDistribution": {
        "NO_WITH_VETO": 755,
        "NO_VOTE": 2123,
        "YES": 214,
        "NO": 65,
        "ABSTAIN": 34
      },
      "votingPowerDistribution": {
        "NO_WITH_VETO": 9.765818999999992,
        "NO_VOTE": 13.821057000000023,
        "YES": 2.9678180000000016,
        "NO": 0.6789330000000001,
        "ABSTAIN": 0.4916539999999999
      },
      "passRate": 21.428571428571427
    },
    "Client Update": {
      "category": "IBCRelated",
      "count": 1,
      "passCount": 1,
      "voteDistribution": {
        "YES": 33,
        "NO_VOTE": 41
      },
      "votingPowerDistribution": {
        "YES": 0.47310100000000005,
        "NO_VOTE": 0.18725900000000004
      },
      "passRate": 100
    },
    "Infrastructure": {
      "category": "CommunityPoolSpend",
      "count": 2,
      "passCount": 1,
      "voteDistribution": {
        "NO": 11,
        "ABSTAIN": 12,
        "YES": 5,
        "NO_WITH_VETO": 5,
        "NO_VOTE": 119
      },
      "votingPowerDistribution": {
        "NO": 0.226177,
        "ABSTAIN": 0.086396,
        "YES": 0.12218400000000001,
        "NO_WITH_VETO": 0.042020999999999996,
        "NO_VOTE": 0.8277010000000001
      },
      "passRate": 50
    },
    "IBC Transfer": {
      "category": "IBCRelated",
      "count": 2,
      "passCount": 2,
      "voteDistribution": {
        "YES": 72,
        "ABSTAIN": 2,
        "NO_VOTE": 78
      },
      "votingPowerDistribution": {
        "YES": 0.9966699999999997,
        "ABSTAIN": 0.023559,
        "NO_VOTE": 0.36588500000000007
      },
      "passRate": 100
    },
    "IBC Security": {
      "category": "IBCRelated",
      "count": 1,
      "passCount": 1,
      "voteDistribution": {
        "YES": 39,
        "NO_VOTE": 37
      },
      "votingPowerDistribution": {
        "YES": 0.543067,
        "NO_VOTE": 0.15330199999999997
      },
      "passRate": 100
    },
    "Community Decision": {
      "category": "TextProposal",
      "count": 5,
      "passCount": 4,
      "voteDistribution": {
        "YES": 107,
        "ABSTAIN": 16,
        "NO_VOTE": 245,
        "NO": 12
      },
      "votingPowerDistribution": {
        "YES": 1.3362010000000013,
        "ABSTAIN": 0.134239,
        "NO_VOTE": 1.7576419999999995,
        "NO": 0.32173900000000005
      },
      "passRate": 80
    },
    "Economic Parameters": {
      "category": "ParameterChange",
      "count": 2,
      "passCount": 2,
      "voteDistribution": {
        "YES": 42,
        "ABSTAIN": 4,
        "NO_VOTE": 106
      },
      "votingPowerDistribution": {
        "YES": 0.5327479999999999,
        "ABSTAIN": 0.12287299999999998,
        "NO_VOTE": 0.729041
      },
      "passRate": 100
    },
    "Project Funding": {
      "category": "TextProposal",
      "count": 16,
      "passCount": 11,
      "voteDistribution": {
        "YES": 276,
        "ABSTAIN": 105,
        "NO_VOTE": 738,
        "NO_WITH_VETO": 39,
        "NO": 58
      },
      "votingPowerDistribution": {
        "YES": 3.623834000000003,
        "ABSTAIN": 1.2251959999999995,
        "NO_VOTE": 4.7773489999999965,
        "NO_WITH_VETO": 0.550559,
        "NO": 0.5594450000000001
      },
      "passRate": 68.75
    },
    "Fee Adjustment": {
      "category": "ParameterChange",
      "count": 9,
      "passCount": 9,
      "voteDistribution": {
        "YES": 246,
        "ABSTAIN": 9,
        "NO_VOTE": 429
      },
      "votingPowerDistribution": {
        "YES": 3.5013740000000015,
        "ABSTAIN": 0.036688,
        "NO_VOTE": 2.7971309999999994
      },
      "passRate": 100
    },
    "Network Policy": {
      "category": "TextProposal",
      "count": 4,
      "passCount": 4,
      "voteDistribution": {
        "YES": 88,
        "NO": 7,
        "ABSTAIN": 14,
        "NO_WITH_VETO": 1,
        "NO_VOTE": 194
      },
      "votingPowerDistribution": {
        "YES": 1.2398289999999996,
        "NO": 0.13002,
        "ABSTAIN": 0.085825,
        "NO_WITH_VETO": 0.019905,
        "NO_VOTE": 1.2427879999999998
      },
      "passRate": 100
    },