{
  "categories": {
    "CommunityPoolSpend": {
      "count": 38,
      "passCount": 28,
      "voteDistribution": {
        "YES": 1111,
        "ABSTAIN": 257,
        "NO_VOTE": 1222,
        "NO": 259,
        "NO_WITH_VETO": 1
      },
      "votingPowerDistribution": {
        "YES": 14.404802000000071,
        "ABSTAIN": 3.344609999999997,
        "NO_VOTE": 9.682096999999997,
        "NO": 3.5168869999999988,
        "NO_WITH_VETO": 0.005161
      },
      "passRate": 73.68421052631578
    },
    "SmartContract": {
      "count": 26,
      "passCount": 26,
      "voteDistribution": {
        "YES": 1114,
        "NO_VOTE": 818,
        "ABSTAIN": 15,
        "NO": 2,
        "WEIGHTED_VOTE": 1
      },
      "votingPowerDistribution": {
        "YES": 14.334904000000005,
        "NO_VOTE": 6.707301000000002,
        "ABSTAIN": 0.17478,
        "NO": 0.032241,
        "WEIGHTED_VOTE": 0.011506
      },
      "passRate": 100
    },
    "ParameterChange": {
      "count": 28,
      "passCount": 27,
      "voteDistribution": {
        "YES": 1148,
        "NO_VOTE": 917,
        "ABSTAIN": 7,
        "NO": 28
      },
      "votingPowerDistribution": {
        "YES": 16.349927000000037,
        "NO_VOTE": 6.45429999999999,
        "ABSTAIN": 0.044004999999999996,
        "NO": 0.46761099999999994
      },
      "passRate": 96.42857142857143
    },
    "SoftwareUpgrade": {
      "count": 19,
      "passCount": 18,
      "voteDistribution": {
        "YES": 617,
        "NO_VOTE": 769,
        "ABSTAIN": 1,
        "NO": 38
      },
      "votingPowerDistribution": {
        "YES": 9.034853000000004,
        "NO_VOTE": 5.957741999999994,
        "ABSTAIN": 0.010396,
        "NO": 0.548458
      },
      "passRate": 94.73684210526315
    },
    "TextProposal": {
      "count": 11,
      "passCount": 2,
      "voteDistribution": {
        "YES": 60,
        "ABSTAIN": 22,
        "NO": 11,
        "NO_VOTE": 529,
        "NO_WITH_VETO": 203
      },
      "votingPowerDistribution": {
        "YES": 0.7859780000000002,
        "ABSTAIN": 0.278213,
        "NO": 0.08576600000000001,
        "NO_VOTE": 4.780699000000001,
        "NO_WITH_VETO": 2.889460000000003
      },
      "passRate": 18.181818181818183
    },
    "IBCRelated": {
      "count": 1,
      "passCount": 1,
      "voteDistribution": {
        "YES": 36,
        "ABSTAIN": 2,
        "NO": 1,
        "NO_VOTE": 36
      },
      "votingPowerDistribution": {
        "YES": 0.5777620000000001,
        "ABSTAIN": 0.050002,
        "NO": 0.006699,
        "NO_VOTE": 0.21553399999999998
      },
      "passRate": 100
    }
  },
  "topics": {
    "Community Support": {
      "category": "CommunityPoolSpend",
      "count": 26,
      "passCount": 19,
      "voteDistribution": {
        "YES": 775,
        "ABSTAIN": 183,
        "NO_VOTE": 794,
        "NO": 197,
        "NO_WITH_VETO": 1
      },
      "votingPowerDistribution": {
        "YES": 9.958251000000006,
        "ABSTAIN": 2.3154439999999985,
        "NO_VOTE": 6.297316999999998,
        "NO": 2.7295019999999983,
        "NO_WITH_VETO": 0.005161
      },
      "passRate": 73.07692307692307
    },
    "Contract Upgrade": {
      "category": "SmartContract",
      "count": 2,
      "passCount": 2,
      "voteDistribution": {
        "YES": 78,
        "NO_VOTE": 71,
        "ABSTAIN": 1
      },
      "votingPowerDistribution": {
        "YES": 1.0551419999999998,
        "NO_VOTE": 0.5991829999999999,
        "ABSTAIN": 0.007071
      },
      "passRate": 100
    },
    "Contract Integration": {
      "category": "SmartContract",
      "count": 20,
      "passCount": 20,
      "voteDistribution": {
        "YES": 869,
        "ABSTAIN": 11,
        "NO_VOTE": 618,
        "NO": 2
      },
      "votingPowerDistribution": {
        "YES": 11.118725999999997,
        "ABSTAIN": 0.147449,
        "NO_VOTE": 5.075479999999998,
        "NO": 0.032241
      },
      "passRate": 100
    },
    "Feature Enhancement": {
      "category": "SmartContract",
      "count": 3,
      "passCount": 3,
      "voteDistribution": {
        "YES": 126,
        "NO_VOTE": 98,
        "ABSTAIN": 1
      },
      "votingPowerDistribution": {
        "YES": 1.6302620000000005,
        "NO_VOTE": 0.8051989999999998,
        "ABSTAIN": 0.013152
      },
      "passRate": 100
    },
    "Ecosystem Growth": {
      "category": "CommunityPoolSpend",
      "count": 9,
      "passCount": 8,
      "voteDistribution": {
        "YES": 281,
        "ABSTAIN": 50,
        "NO_VOTE": 330,
        "NO": 14
      },
      "votingPowerDistribution": {
        "YES": 3.793695999999996,
        "ABSTAIN": 0.660793,
        "NO_VOTE": 2.6157820000000007,
        "NO": 0.185208
      },
      "passRate": 88.88888888888889
    },
    "Protocol Configuration": {
      "category": "ParameterChange",
      "count": 3,
      "passCount": 3,
      "voteDistribution": {
        "YES": 127,
        "NO_VOTE": 98
      },
      "votingPowerDistribution": {
        "YES": 1.7885899999999997,
        "NO_VOTE": 0.7591279999999998
      },
      "passRate": 100
    },
    "Fee Adjustment": {
      "category": "ParameterChange",
      "count": 3,
      "passCount": 3,
      "voteDistribution": {
        "YES": 138,
        "NO_VOTE": 86,
        "ABSTAIN": 1
      },
      "votingPowerDistribution": {
        "YES": 1.886273,
        "NO_VOTE": 0.5859049999999997,
        "ABSTAIN": 0.01051
      },
      "passRate": 100
    },
    "Major Release": {
      "category": "SoftwareUpgrade",
      "count": 19,
      "passCount": 18,
      "voteDistribution": {
        "YES": 617,
        "NO_VOTE": 769,
        "ABSTAIN": 1,
        "NO": 38
      },
      "votingPowerDistribution": {
        "YES": 9.034853000000004,
        "NO_VOTE": 5.957741999999994,
        "ABSTAIN": 0.010396,
        "NO": 0.548458
      },
      "passRate": 94.73684210526315
    },
    "Development Fund": {
      "category": "CommunityPoolSpend",
      "count": 2,
      "passCount": 0,
      "voteDistribution": {
        "NO": 48,
        "YES": 10,
        "ABSTAIN": 23,
        "NO_VOTE": 69
      },
      "votingPowerDistribution": {
        "NO": 0.6021769999999997,
        "YES": 0.089807,
        "ABSTAIN": 0.36833600000000005,
        "NO_VOTE": 0.5685519999999998
      },
      "passRate": 0
    },
    "Project Funding": {
      "category": "TextProposal",
      "count": 1,
      "passCount": 1,
      "voteDistribution": {
        "YES": 27,
        "ABSTAIN": 9,
        "NO": 4,
        "NO_VOTE": 35
      },
      "votingPowerDistribution": {
        "YES": 0.37525500000000006,
        "ABSTAIN": 0.123973,
        "NO": 0.033554,
        "NO_VOTE": 0.2982600000000001
      },
      "passRate": 100
    },
    "Infrastructure": {
      "category": "CommunityPoolSpend",
      "count": 1,
      "passCount": 1,
      "voteDistribution": {
        "YES": 45,
        "ABSTAIN": 1,
        "NO_VOTE": 29
      },
      "votingPowerDistribution": {
        "YES": 0.5630479999999999,
        "ABSTAIN": 0.000037,
        "NO_VOTE": 0.20044599999999999
      },
      "passRate": 100
    },
    "Staking Parameters": {
      "category": "ParameterChange",
      "count": 11,
      "passCount": 10,
      "voteDistribution": {
        "YES": 451,
        "NO_VOTE": 344,
        "NO": 28,
        "ABSTAIN": 2
      },
      "votingPowerDistribution": {
        "YES": 6.472965999999995,
        "NO_VOTE": 2.212225000000001,
        "NO": 0.46761099999999994,
        "ABSTAIN": 0.01078
      },
      "passRate": 90.9090909090909
    },
    "Governance Process": {
      "category": "TextProposal",
      "count": 10,
      "passCount": 1,
      "voteDistribution": {
        "YES": 33,
        "ABSTAIN": 13,
        "NO_VOTE": 494,
        "NO_WITH_VETO": 203,
        "NO": 7
      },
      "votingPowerDistribution": {
        "YES": 0.4107229999999999,
        "ABSTAIN": 0.15424,
        "NO_VOTE": 4.482439000000001,