{
  "categories": {
    "TextProposal": {
      "count": 10,
      "passCount": 9,
      "voteDistribution": {
        "WEIGHTED_VOTE": 1,
        "ABSTAIN": 72,
        "YES": 380,
        "NO": 27,
        "NO_VOTE": 120
      },
      "votingPowerDistribution": {
        "WEIGHTED_VOTE": 0.019324,
        "ABSTAIN": 1.3280069999999997,
        "YES": 5.3666130000000045,
        "NO": 0.264929,
        "NO_VOTE": 0.4070499999999998
      },
      "passRate": 90
    },
    "ParameterChange": {
      "count": 10,
      "passCount": 10,
      "voteDistribution": {
        "YES": 392,
        "ABSTAIN": 20,
        "NO": 2,
        "NO_VOTE": 186
      },
      "votingPowerDistribution": {
        "YES": 5.8091500000000025,
        "ABSTAIN": 0.28047700000000003,
        "NO": 0.021380999999999997,
        "NO_VOTE": 0.6143419999999999
      },
      "passRate": 100
    },
    "Unknown": {
      "count": 24,
      "passCount": 22,
      "voteDistribution": {
        "YES": 969,
        "ABSTAIN": 124,
        "NO_VOTE": 272,
        "NO": 70,
        "WEIGHTED_VOTE": 5
      },
      "votingPowerDistribution": {
        "YES": 13.200229999999994,
        "ABSTAIN": 2.3347550000000004,
        "NO_VOTE": 0.9021990000000004,
        "NO": 1.2398539999999996,
        "WEIGHTED_VOTE": 0.096576
      },
      "passRate": 91.66666666666666
    },
    "SoftwareUpgrade": {
      "count": 11,
      "passCount": 8,
      "voteDistribution": {
        "YES": 392,
        "ABSTAIN": 13,
        "NO_VOTE": 124,
        "NO": 130,
        "NO_WITH_VETO": 1
      },
      "votingPowerDistribution": {
        "YES": 6.1431909999999945,
        "ABSTAIN": 0.18991700000000003,
        "NO_VOTE": 0.35791999999999985,
        "NO": 2.3588940000000003,
        "NO_WITH_VETO": 0.004455
      },
      "passRate": 72.72727272727273
    },
    "MarketRelated": {
      "count": 120,
      "passCount": 113,
      "voteDistribution": {
        "YES": 4986,
        "ABSTAIN": 290,
        "NO_VOTE": 1683,
        "NO": 236,
        "NO_WITH_VETO": 5
      },
      "votingPowerDistribution": {
        "YES": 64.68535299999984,
        "ABSTAIN": 3.939423000000001,
        "NO_VOTE": 5.743564000000027,
        "NO": 3.8165360000000037,
        "NO_WITH_VETO": 0.058687
      },
      "passRate": 94.16666666666667
    }
  },
  "topics": {
    "Community Decision": {
      "category": "TextProposal",
      "count": 2,
      "passCount": 2,
      "voteDistribution": {
        "WEIGHTED_VOTE": 1,
        "ABSTAIN": 22,
        "YES": 68,
        "NO": 5,
        "NO_VOTE": 24
      },
      "votingPowerDistribution": {
        "WEIGHTED_VOTE": 0.019324,
        "ABSTAIN": 0.30135499999999993,
        "YES": 1.0979469999999996,
        "NO": 0.026601,
        "NO_VOTE": 0.07395999999999998
      },
      "passRate": 100
    },
    "Economic Parameters": {
      "category": "ParameterChange",
      "count": 2,
      "passCount": 2,
      "voteDistribution": {
        "YES": 74,
        "ABSTAIN": 8,
        "NO": 2,
        "NO_VOTE": 36
      },
      "votingPowerDistribution": {
        "YES": 1.2370750000000001,
        "ABSTAIN": 0.06998800000000001,
        "NO": 0.021380999999999997,
        "NO_VOTE": 0.14313099999999998
      },
      "passRate": 100
    },
    "Miscellaneous": {
      "category": "Unknown",
      "count": 20,
      "passCount": 19,
      "voteDistribution": {
        "YES": 873,
        "ABSTAIN": 58,
        "NO_VOTE": 225,
        "NO": 42,
        "WEIGHTED_VOTE": 2
      },
      "votingPowerDistribution": {
        "YES": 11.775554999999994,
        "ABSTAIN": 0.9972029999999997,
        "NO_VOTE": 0.7956890000000003,
        "NO": 0.7447049999999998,
        "WEIGHTED_VOTE": 0.039032
      },
      "passRate": 95
    },
    "Major Release": {
      "category": "SoftwareUpgrade",
      "count": 11,
      "passCount": 8,
      "voteDistribution": {
        "YES": 392,
        "ABSTAIN": 13,
        "NO_VOTE": 124,
        "NO": 130,
        "NO_WITH_VETO": 1
      },
      "votingPowerDistribution": {
        "YES": 6.1431909999999945,
        "ABSTAIN": 0.18991700000000003,
        "NO_VOTE": 0.35791999999999985,
        "NO": 2.3588940000000003,
        "NO_WITH_VETO": 0.004455
      },
      "passRate": 72.72727272727273
    },
    "Market Addition": {
      "category": "MarketRelated",
      "count": 120,
      "passCount": 113,
      "voteDistribution": {
        "YES": 4986,
        "ABSTAIN": 290,
        "NO_VOTE": 1683,
        "NO": 236,
        "NO_WITH_VETO": 5
      },
      "votingPowerDistribution": {
        "YES": 64.68535299999984,
        "ABSTAIN": 3.939423000000001,
        "NO_VOTE": 5.743564000000027,
        "NO": 3.8165360000000037,
        "NO_WITH_VETO": 0.058687
      },
      "passRate": 94.16666666666667
    },
    "Governance Process": {
      "category": "TextProposal",
      "count": 7,
      "passCount": 6,
      "voteDistribution": {
        "ABSTAIN": 44,
        "YES": 270,
        "NO_VOTE": 84,
        "NO": 22
      },
      "votingPowerDistribution": {
        "ABSTAIN": 0.9486709999999998,
        "YES": 3.5490920000000035,
        "NO_VOTE": 0.29172300000000007,
        "NO": 0.238328
      },
      "passRate": 85.71428571428571
    },
    "Staking Parameters": {
      "category": "ParameterChange",
      "count": 1,
      "passCount": 1,
      "voteDistribution": {
        "YES": 33,
        "ABSTAIN": 1,
        "NO_VOTE": 26
      },
      "votingPowerDistribution": {
        "YES": 0.410368,
        "ABSTAIN": 0.01192,
        "NO_VOTE": 0.090348
      },
      "passRate": 100
    },
    "Fee Adjustment": {
      "category": "ParameterChange",
      "count": 5,
      "passCount": 5,
      "voteDistribution": {
        "YES": 204,
        "ABSTAIN": 8,
        "NO_VOTE": 88
      },
      "votingPowerDistribution": {
        "YES": 3.1881160000000017,
        "ABSTAIN": 0.12301399999999998,
        "NO_VOTE": 0.27122700000000005
      },
      "passRate": 100
    },
    "Unclassified": {
      "category": "Unknown",
      "count": 4,
      "passCount": 3,
      "voteDistribution": {
        "ABSTAIN": 66,
        "YES": 96,
        "NO": 28,
        "NO_VOTE": 47,
        "WEIGHTED_VOTE": 3
      },
      "votingPowerDistribution": {
        "ABSTAIN": 1.337552,
        "YES": 1.4246750000000001,
        "NO": 0.495149,
        "NO_VOTE": 0.10651000000000001,
        "WEIGHTED_VOTE": 0.057544
      },
      "passRate": 75
    },
    "Protocol Configuration": {
      "category": "ParameterChange",
      "count": 2,
      "passCount": 2,
      "voteDistribution": {
        "YES": 81,
        "ABSTAIN": 3,
        "NO_VOTE": 36
      },
      "votingPowerDistribution": {
        "YES": 0.9735909999999998,
        "ABSTAIN": 0.075555,
        "NO_VOTE": 0.10963599999999998
      },
      "passRate": 100
    },
    "Project Funding": {
      "category": "TextProposal",
      "count": 1,
      "passCount": 1,
      "voteDistribution": {
        "YES": 42,
        "ABSTAIN": 6,
        "NO_VOTE": 12
      },
      "votingPowerDistribution": {
        "YES": 0.7195739999999999,
        "ABSTAIN": 0.077981,
        "NO_VOTE": 0.041367
      },
      "passRate": 100
    }
  }
}