{
  "categories": {
    "Unknown": {
      "count": 5,
      "passCount": 3,
      "voteDistribution": {
        "YES": 134,
        "ABSTAIN": 13,
        "NO_VOTE": 420,
        "NO_WITH_VETO": 75,
        "NO": 1
      },
      "votingPowerDistribution": {
        "YES": 1.411829,
        "ABSTAIN": 0.134592,
        "NO_VOTE": 1.1738519999999997,
        "NO_WITH_VETO": 0.866214,
        "NO": 0.011626
      },
      "passRate": 60
    },
    "CommunityPoolSpend": {
      "count": 43,
      "passCount": 34,
      "voteDistribution": {
        "ABSTAIN": 425,
        "YES": 2021,
        "NO": 591,
        "NO_VOTE": 2510,
        "NO_WITH_VETO": 39
      },
      "votingPowerDistribution": {
        "ABSTAIN": 3.5893769999999976,
        "YES": 16.345595000000035,
        "NO": 5.061188999999998,
        "NO_VOTE": 6.701008000000018,
        "NO_WITH_VETO": 0.312393
      },
      "passRate": 79.06976744186046
    },
    "ParameterChange": {
      "count": 30,
      "passCount": 29,
      "voteDistribution": {
        "YES": 1884,
        "NO_VOTE": 1823,
        "ABSTAIN": 76,
        "NO": 114,
        "NO_WITH_VETO": 1
      },
      "votingPowerDistribution": {
        "YES": 14.961850000000018,
        "NO_VOTE": 5.285001000000014,
        "ABSTAIN": 0.5758829999999998,
        "NO": 0.8578769999999999,
        "NO_WITH_VETO": 0.00597
      },
      "passRate": 96.66666666666667
    },
    "IBCRelated": {
      "count": 3,
      "passCount": 3,
      "voteDistribution": {
        "YES": 211,
        "ABSTAIN": 6,
        "NO_VOTE": 173
      },
      "votingPowerDistribution": {
        "YES": 1.7986289999999991,
        "ABSTAIN": 0.021072000000000004,
        "NO_VOTE": 0.40943499999999994
      },
      "passRate": 100
    },
    "SoftwareUpgrade": {
      "count": 13,
      "passCount": 13,
      "voteDistribution": {
        "YES": 1111,
        "NO_VOTE": 571,
        "ABSTAIN": 6,
        "NO_WITH_VETO": 2
      },
      "votingPowerDistribution": {
        "YES": 8.08837200000001,
        "NO_VOTE": 1.5164709999999983,
        "ABSTAIN": 0.024866999999999997,
        "NO_WITH_VETO": 0.030386
      },
      "passRate": 100
    },
    "SmartContract": {
      "count": 128,
      "passCount": 122,
      "voteDistribution": {
        "YES": 9156,
        "ABSTAIN": 259,
        "NO_VOTE": 6867,
        "NO": 347,
        "NO_WITH_VETO": 11
      },
      "votingPowerDistribution": {
        "YES": 72.67518399999975,
        "ABSTAIN": 1.5143210000000014,
        "NO_VOTE": 18.12066900000004,
        "NO": 2.708476999999998,
        "NO_WITH_VETO": 0.08756800000000001
      },
      "passRate": 95.3125
    },
    "TextProposal": {
      "count": 40,
      "passCount": 20,
      "voteDistribution": {
        "YES": 1405,
        "ABSTAIN": 116,
        "NO_VOTE": 2519,
        "NO": 205,
        "NO_WITH_VETO": 955
      },
      "votingPowerDistribution": {
        "YES": 10.832485000000009,
        "ABSTAIN": 0.969025,
        "NO_VOTE": 7.0125000000000215,
        "NO": 1.7380290000000003,
        "NO_WITH_VETO": 8.705858000000024
      },
      "passRate": 50
    }
  },
  "topics": {
    "Unclassified": {
      "category": "Unknown",
      "count": 5,
      "passCount": 3,
      "voteDistribution": {
        "YES": 134,
        "ABSTAIN": 13,
        "NO_VOTE": 420,
        "NO_WITH_VETO": 75,
        "NO": 1
      },
      "votingPowerDistribution": {
        "YES": 1.411829,
        "ABSTAIN": 0.134592,
        "NO_VOTE": 1.1738519999999997,
        "NO_WITH_VETO": 0.866214,
        "NO": 0.011626
      },
      "passRate": 60
    },
    "Community Support": {
      "category": "CommunityPoolSpend",
      "count": 35,
      "passCount": 28,
      "voteDistribution": {
        "ABSTAIN": 367,
        "YES": 1629,
        "NO": 450,
        "NO_VOTE": 2063,
        "NO_WITH_VETO": 37
      },
      "votingPowerDistribution": {
        "ABSTAIN": 3.1388959999999986,
        "YES": 13.224536000000022,
        "NO": 3.793666999999994,
        "NO_VOTE": 5.572163000000017,
        "NO_WITH_VETO": 0.302303
      },
      "passRate": 80
    },
    "Protocol Configuration": {
      "category": "ParameterChange",
      "count": 14,
      "passCount": 14,
      "voteDistribution": {
        "YES": 916,
        "NO_VOTE": 870,
        "ABSTAIN": 29,
        "NO": 3
      },
      "votingPowerDistribution": {
        "YES": 7.498936000000013,
        "NO_VOTE": 2.319542000000001,
        "ABSTAIN": 0.22200799999999998,
        "NO": 0.021275000000000002
      },
      "passRate": 100
    },
    "IBC Transfer": {
      "category": "IBCRelated",
      "count": 2,
      "passCount": 2,
      "voteDistribution": {
        "YES": 128,
        "ABSTAIN": 3,
        "NO_VOTE": 129
      },
      "votingPowerDistribution": {
        "YES": 1.1163799999999997,
        "ABSTAIN": 0.016814000000000003,
        "NO_VOTE": 0.33350100000000005
      },
      "passRate": 100
    },
    "Staking Parameters": {
      "category": "ParameterChange",
      "count": 5,
      "passCount": 5,
      "voteDistribution": {
        "YES": 265,
        "ABSTAIN": 30,
        "NO": 31,
        "NO_VOTE": 324
      },
      "votingPowerDistribution": {
        "YES": 2.204826,
        "ABSTAIN": 0.248456,
        "NO": 0.24466999999999997,
        "NO_VOTE": 0.9976149999999987
      },
      "passRate": 100
    },
    "Major Release": {
      "category": "SoftwareUpgrade",
      "count": 13,
      "passCount": 13,
      "voteDistribution": {
        "YES": 1111,
        "NO_VOTE": 571,
        "ABSTAIN": 6,
        "NO_WITH_VETO": 2
      },
      "votingPowerDistribution": {
        "YES": 8.08837200000001,
        "NO_VOTE": 1.5164709999999983,
        "ABSTAIN": 0.024866999999999997,
        "NO_WITH_VETO": 0.030386
      },
      "passRate": 100
    },
    "Contract Deployment": {
      "category": "SmartContract",
      "count": 98,
      "passCount": 92,
      "voteDistribution": {
        "YES": 6976,
        "ABSTAIN": 183,
        "NO_VOTE": 5256,
        "NO": 314,
        "NO_WITH_VETO": 11
      },
      "votingPowerDistribution": {
        "YES": 55.24330899999992,
        "ABSTAIN": 1.0036460000000018,
        "NO_VOTE": 14.049115000000114,
        "NO": 2.4728959999999987,
        "NO_WITH_VETO": 0.08756800000000001
      },
      "passRate": 93.87755102040816
    },
    "Governance Process": {
      "category": "TextProposal",
      "count": 37,
      "passCount": 17,
      "voteDistribution": {
        "YES": 1183,
        "ABSTAIN": 95,
        "NO_VOTE": 2395,
        "NO": 183,
        "NO_WITH_VETO": 954
      },
      "votingPowerDistribution": {
        "YES": 9.365095000000005,
        "ABSTAIN": 0.72543,
        "NO_VOTE": 6.6517940000000175,
        "NO": 1.5909479999999998,
        "NO_WITH_VETO": 8.695426000000024
      },
      "passRate": 45.94594594594595
    },
    "Economic Parameters": {
      "category": "ParameterChange",
      "count": 3,
      "passCount": 3,
      "voteDistribution": {
        "YES": 217,
        "ABSTAIN": 4,
        "NO_VOTE": 168,
        "NO": 1
      },
      "votingPowerDistribution": {
        "YES": 1.7284920000000001,
        "ABSTAIN": 0.025114000000000004,
        "NO_VOTE": 0.43913200000000013,
        "NO": 0.000014
      },
      "passRate": 100
    },
    "Contract Upgrade": {
      "category": "SmartContract",
      "count": 20,
      "passCount": 20,
      "voteDistribution": {
        "YES": 1479,
        "ABSTAIN": 40,
        "NO_VOTE": 1056,
        "NO": 25
      },
      "votingPowerDistribution": {
        "YES": 11.76747800000003,
        "ABSTAIN": 0.221162,
        "NO_VOTE": 2.699108000000001,
        "NO": 0.18028499999999997
      },
      "passRate": 100
    },
    "Fee Adjustment": {
      "category": "ParameterChange",
      "count": 7,
      "passCount": 6,
      "voteDistribution": {
        "YES": 417,
        "ABSTAIN": 13,
        "NO": 79,
        "NO_VOTE": 400,