{
  "categories": {
    "Unknown": {
      "count": 11,
      "passCount": 6,
      "voteDistribution": {
        "YES": 370,
        "NO": 179,
        "ABSTAIN": 113,
        "WEIGHTED_VOTE": 1,
        "NO_VOTE": 652,
        "NO_WITH_VETO": 109
      },
      "votingPowerDistribution": {
        "YES": 3.074106,
        "NO": 1.5938759999999994,
        "ABSTAIN": 0.9226229999999999,
        "WEIGHTED_VOTE": 0.009908,
        "NO_VOTE": 1.2454059999999993,
        "NO_WITH_VETO": 0.8958799999999998
      },
      "passRate": 54.54545454545454
    },
    "CommunityPoolSpend": {
      "count": 43,
      "passCount": 27,
      "voteDistribution": {
        "YES": 1480,
        "ABSTAIN": 727,
        "NO": 773,
        "NO_VOTE": 2572,
        "WEIGHTED_VOTE": 9,
        "NO_WITH_VETO": 22
      },
      "votingPowerDistribution": {
        "YES": 12.443080000000009,
        "ABSTAIN": 5.784160999999996,
        "NO": 6.7696350000000045,
        "NO_VOTE": 5.346488000000001,
        "WEIGHTED_VOTE": 0.091341,
        "NO_WITH_VETO": 0.163219
      },
      "passRate": 62.7906976744186
    },
    "SoftwareUpgrade": {
      "count": 10,
      "passCount": 10,
      "voteDistribution": {
        "YES": 835,
        "ABSTAIN": 5,
        "NO_VOTE": 456,
        "NO": 1
      },
      "votingPowerDistribution": {
        "YES": 6.858081000000003,
        "ABSTAIN": 0.038394,
        "NO_VOTE": 0.8298580000000002,
        "NO": 0.007142
      },
      "passRate": 100
    },
    "TextProposal": {
      "count": 36,
      "passCount": 6,
      "voteDistribution": {
        "ABSTAIN": 247,
        "YES": 384,
        "NO": 248,
        "NO_WITH_VETO": 1459,
        "NO_VOTE": 2342
      },
      "votingPowerDistribution": {
        "ABSTAIN": 1.953408,
        "YES": 2.9916009999999975,
        "NO": 1.957759,
        "NO_WITH_VETO": 12.110325000000003,
        "NO_VOTE": 5.399193999999999
      },
      "passRate": 16.666666666666664
    },
    "SmartContract": {
      "count": 1,
      "passCount": 1,
      "voteDistribution": {
        "ABSTAIN": 9,
        "YES": 54,
        "NO": 1,
        "NO_VOTE": 66
      },
      "votingPowerDistribution": {
        "ABSTAIN": 0.058133,
        "YES": 0.506946,
        "NO": 0.007142,
        "NO_VOTE": 0.11348699999999999
      },
      "passRate": 100
    },
    "IBCRelated": {
      "count": 1,
      "passCount": 1,
      "voteDistribution": {
        "YES": 63,
        "ABSTAIN": 3,
        "NO": 1,
        "NO_VOTE": 63
      },
      "votingPowerDistribution": {
        "YES": 0.5404690000000001,
        "ABSTAIN": 0.024357999999999998,
        "NO": 0.007142,
        "NO_VOTE": 0.11461299999999999
      },
      "passRate": 100
    },
    "ParameterChange": {
      "count": 1,
      "passCount": 1,
      "voteDistribution": {
        "YES": 47,
        "ABSTAIN": 3,
        "NO_WITH_VETO": 5,
        "NO": 8,
        "NO_VOTE": 67
      },
      "votingPowerDistribution": {
        "YES": 0.38704100000000013,
        "ABSTAIN": 0.013735,
        "NO_WITH_VETO": 0.071415,
        "NO": 0.077018,
        "NO_VOTE": 0.16190600000000005
      },
      "passRate": 100
    }
  },
  "topics": {
    "Miscellaneous": {
      "category": "Unknown",
      "count": 9,
      "passCount": 6,
      "voteDistribution": {
        "YES": 370,
        "NO": 178,
        "ABSTAIN": 113,
        "WEIGHTED_VOTE": 1,
        "NO_VOTE": 503
      },
      "votingPowerDistribution": {
        "YES": 3.074106,
        "NO": 1.5874329999999994,
        "ABSTAIN": 0.9226229999999999,
        "WEIGHTED_VOTE": 0.009908,
        "NO_VOTE": 0.8885350000000005
      },
      "passRate": 66.66666666666666
    },
    "Unclassified": {
      "category": "Unknown",
      "count": 2,
      "passCount": 0,
      "voteDistribution": {
        "NO_WITH_VETO": 109,
        "NO": 1,
        "NO_VOTE": 149
      },
      "votingPowerDistribution": {
        "NO_WITH_VETO": 0.8958799999999998,
        "NO": 0.006443,
        "NO_VOTE": 0.3568709999999999
      },
      "passRate": 0
    },
    "Community Support": {
      "category": "CommunityPoolSpend",
      "count": 38,
      "passCount": 23,
      "voteDistribution": {
        "YES": 1297,
        "ABSTAIN": 608,
        "NO": 738,
        "NO_VOTE": 2262,
        "WEIGHTED_VOTE": 6,
        "NO_WITH_VETO": 22
      },
      "votingPowerDistribution": {
        "YES": 10.781147000000006,
        "ABSTAIN": 4.880480000000003,
        "NO": 6.464990000000003,
        "NO_VOTE": 4.726041999999996,
        "WEIGHTED_VOTE": 0.060894,
        "NO_WITH_VETO": 0.163219
      },
      "passRate": 60.526315789473685
    },
    "Major Release": {
      "category": "SoftwareUpgrade",
      "count": 9,
      "passCount": 9,
      "voteDistribution": {
        "YES": 742,
        "ABSTAIN": 5,
        "NO_VOTE": 419,
        "NO": 1
      },
      "votingPowerDistribution": {
        "YES": 6.067825000000003,
        "ABSTAIN": 0.038394,
        "NO_VOTE": 0.783161,
        "NO": 0.007142
      },
      "passRate": 100
    },
    "Security Enhancement": {
      "category": "SoftwareUpgrade",
      "count": 1,
      "passCount": 1,
      "voteDistribution": {
        "YES": 93,
        "NO_VOTE": 37
      },
      "votingPowerDistribution": {
        "YES": 0.7902560000000001,
        "NO_VOTE": 0.04669700000000001
      },
      "passRate": 100
    },
    "Governance Process": {
      "category": "TextProposal",
      "count": 29,
      "passCount": 3,
      "voteDistribution": {
        "ABSTAIN": 175,
        "YES": 227,
        "NO": 183,
        "NO_WITH_VETO": 1295,
        "NO_VOTE": 1890
      },
      "votingPowerDistribution": {
        "ABSTAIN": 1.3703349999999992,
        "YES": 1.6862780000000006,
        "NO": 1.4403069999999976,
        "NO_WITH_VETO": 10.773793000000003,
        "NO_VOTE": 4.335581999999991
      },
      "passRate": 10.344827586206897
    },
    "Contract Integration": {
      "category": "SmartContract",
      "count": 1,
      "passCount": 1,
      "voteDistribution": {
        "ABSTAIN": 9,
        "YES": 54,
        "NO": 1,
        "NO_VOTE": 66
      },
      "votingPowerDistribution": {
        "ABSTAIN": 0.058133,
        "YES": 0.506946,
        "NO": 0.007142,
        "NO_VOTE": 0.11348699999999999
      },
      "passRate": 100
    },
    "Ecosystem Growth": {
      "category": "CommunityPoolSpend",
      "count": 4,
      "passCount": 4,
      "voteDistribution": {
        "YES": 165,
        "ABSTAIN": 90,
        "NO": 16,
        "NO_VOTE": 247,
        "WEIGHTED_VOTE": 2
      },
      "votingPowerDistribution": {
        "YES": 1.5332759999999996,
        "ABSTAIN": 0.684736,
        "NO": 0.108459,
        "NO_VOTE": 0.4917099999999998,
        "WEIGHTED_VOTE": 0.020298
      },
      "passRate": 100
    },
    "Project Funding": {
      "category": "TextProposal",
      "count": 7,
      "passCount": 3,
      "voteDistribution": {
        "ABSTAIN": 72,
        "YES": 157,
        "NO": 65,
        "NO_WITH_VETO": 164,
        "NO_VOTE": 452
      },
      "votingPowerDistribution": {
        "ABSTAIN": 0.583073,
        "YES": 1.3053229999999996,
        "NO": 0.5174520000000002,
        "NO_WITH_VETO": 1.3365319999999992,
        "NO_VOTE": 1.0636119999999998
      },
      "passRate": 42.857142857142854
    },
    "Development Fund": {
      "category": "CommunityPoolSpend",
      "count": 1,
      "passCount": 0,
      "voteDistribution": {
        "NO": 19,
        "ABSTAIN": 29,
        "YES": 18,
        "WEIGHTED_VOTE": 1,
        "NO_VOTE": 63
      },
      "votingPowerDistribution": {
        "NO": 0.196186,
        "ABSTAIN": 0.21894499999999997,
        "YES": 0.12865700000000002,
        "WEIGHTED_VOTE": 0.010149,
        "NO_VOTE": 0.12873600000000002
      },
      "passRate": 0
    },
    "IBC Security": {
      "category": "IBCRelated",
      "count": 1,
      "passCount": 1,
      "voteDistribution": {
        "YES": 63,