{
  "categories": {
    "ParameterChange": {
      "count": 23,
      "passCount": 21,
      "passRate": 91.30434782608695,
      "voteDistribution": {
        "YES": 1246,
        "NO": 88,
        "ABSTAIN": 28,
        "NO_WITH_VETO": 1,
        "NO_VOTE": 937
      },
      "votingPowerDistribution": {
        "YES": 10.69810600000001,
        "NO": 0.8014220000000002,
        "ABSTAIN": 0.18293500000000004,
        "NO_WITH_VETO": 0.032517,
        "NO_VOTE": 0.9110980000000002
      }
    },
    "TextProposal": {
      "count": 15,
      "passCount": 10,
      "passRate": 66.66666666666666,
      "voteDistribution": {
        "YES": 499,
        "NO": 66,
        "ABSTAIN": 79,
        "NO_WITH_VETO": 132,
        "NO_VOTE": 924
      },
      "votingPowerDistribution": {
        "YES": 4.868909000000005,
        "NO": 0.7272219999999999,
        "ABSTAIN": 0.780814,
        "NO_WITH_VETO": 1.343634,
        "NO_VOTE": 1.367661999999999
      }
    },
    "SoftwareUpgrade": {
      "count": 11,
      "passCount": 10,
      "passRate": 90.9090909090909,
      "voteDistribution": {
        "YES": 741,
        "NO": 126,
        "ABSTAIN": 2,
        "NO_WITH_VETO": 10,
        "NO_VOTE": 321
      },
      "votingPowerDistribution": {
        "YES": 6.46140200000001,
        "NO": 1.2361919999999982,
        "ABSTAIN": 0.003879,
        "NO_WITH_VETO": 0.116344,
        "NO_VOTE": 0.040701
      }
    },
    "CommunityPoolSpend": {
      "count": 40,
      "passCount": 34,
      "passRate": 85,
      "voteDistribution": {
        "YES": 2161,
        "NO": 228,
        "ABSTAIN": 292,
        "NO_WITH_VETO": 36,
        "NO_VOTE": 1383
      },
      "votingPowerDistribution": {
        "YES": 19.112495000000017,
        "NO": 2.5388289999999993,
        "ABSTAIN": 2.4484799999999964,
        "NO_WITH_VETO": 0.31667900000000004,
        "NO_VOTE": 0.5734939999999983
      }
    },
    "Unknown": {
      "count": 4,
      "passCount": 4,
      "passRate": 100,
      "voteDistribution": {
        "YES": 260,
        "NO": 7,
        "ABSTAIN": 13,
        "NO_WITH_VETO": 0,
        "NO_VOTE": 120
      },
      "votingPowerDistribution": {
        "YES": 2.549792999999998,
        "NO": 0.100307,
        "ABSTAIN": 0.106518,
        "NO_WITH_VETO": 0,
        "NO_VOTE": 0.024270000000000003
      }
    },
    "IBCRelated": {
      "count": 2,
      "passCount": 2,
      "passRate": 100,
      "voteDistribution": {
        "YES": 138,
        "NO": 1,
        "ABSTAIN": 3,
        "NO_WITH_VETO": 0,
        "NO_VOTE": 58
      },
      "votingPowerDistribution": {
        "YES": 1.1589660000000004,
        "NO": 0.004133,
        "ABSTAIN": 0.008383999999999999,
        "NO_WITH_VETO": 0,
        "NO_VOTE": 0.003237
      }
    }
  },
  "topics": {
    "Fee Adjustment": {
      "count": 10,
      "passCount": 8,
      "passRate": 80,
      "category": "ParameterChange",
      "voteDistribution": {
        "YES": 413,
        "NO": 75,
        "ABSTAIN": 15,
        "NO_WITH_VETO": 1,
        "NO_VOTE": 496
      },
      "votingPowerDistribution": {
        "YES": 3.337447999999998,
        "NO": 0.6950700000000001,
        "ABSTAIN": 0.087573,
        "NO_WITH_VETO": 0.032517,
        "NO_VOTE": 0.7077669999999996
      }
    },
    "Governance Process": {
      "count": 14,
      "passCount": 9,
      "passRate": 64.28571428571429,
      "category": "TextProposal",
      "voteDistribution": {
        "YES": 499,
        "NO": 66,
        "ABSTAIN": 79,
        "NO_WITH_VETO": 132,
        "NO_VOTE": 824
      },
      "votingPowerDistribution": {
        "YES": 4.868909000000005,
        "NO": 0.7272219999999999,
        "ABSTAIN": 0.780814,
        "NO_WITH_VETO": 1.343634,
        "NO_VOTE": 1.080238999999999
      }
    },
    "Network Policy": {
      "count": 1,
      "passCount": 1,
      "passRate": 100,
      "category": "TextProposal",
      "voteDistribution": {
        "YES": 0,
        "NO": 0,
        "ABSTAIN": 0,
        "NO_WITH_VETO": 0,
        "NO_VOTE": 100
      },
      "votingPowerDistribution": {
        "YES": 0,
        "NO": 0,
        "ABSTAIN": 0,
        "NO_WITH_VETO": 0,
        "NO_VOTE": 0.287423
      }
    },
    "Staking Parameters": {
      "count": 7,
      "passCount": 7,
      "passRate": 100,
      "category": "ParameterChange",
      "voteDistribution": {
        "YES": 437,
        "NO": 12,
        "ABSTAIN": 7,
        "NO_WITH_VETO": 0,
        "NO_VOTE": 244
      },
      "votingPowerDistribution": {
        "YES": 3.759749000000001,
        "NO": 0.106237,
        "ABSTAIN": 0.064908,
        "NO_WITH_VETO": 0,
        "NO_VOTE": 0.142004
      }
    },
    "Feature Addition": {
      "count": 2,
      "passCount": 2,
      "passRate": 100,
      "category": "SoftwareUpgrade",
      "voteDistribution": {
        "YES": 135,
        "NO": 0,
        "ABSTAIN": 1,
        "NO_WITH_VETO": 0,
        "NO_VOTE": 64
      },
      "votingPowerDistribution": {
        "YES": 0.991059,
        "NO": 0,
        "ABSTAIN": 0.002157,
        "NO_WITH_VETO": 0,
        "NO_VOTE": 0.019417999999999998
      }
    },
    "Economic Parameters": {
      "count": 4,
      "passCount": 4,
      "passRate": 100,
      "category": "ParameterChange",
      "voteDistribution": {
        "YES": 278,
        "NO": 0,
        "ABSTAIN": 6,
        "NO_WITH_VETO": 0,
        "NO_VOTE": 116
      },
      "votingPowerDistribution": {
        "YES": 2.4894980000000007,
        "NO": 0,
        "ABSTAIN": 0.030454000000000002,
        "NO_WITH_VETO": 0,
        "NO_VOTE": 0.023997000000000004
      }
    },
    "Community Support": {
      "count": 20,
      "passCount": 16,
      "passRate": 80,
      "category": "CommunityPoolSpend",
      "voteDistribution": {
        "YES": 1018,
        "NO": 132,
        "ABSTAIN": 159,
        "NO_WITH_VETO": 36,
        "NO_VOTE": 755
      },
      "votingPowerDistribution": {
        "YES": 8.990896000000001,
        "NO": 1.2939699999999994,
        "ABSTAIN": 1.4478569999999995,
        "NO_WITH_VETO": 0.31667900000000004,
        "NO_VOTE": 0.4004509999999992
      }
    },
    "Development Fund": {
      "count": 14,
      "passCount": 13,
      "passRate": 92.85714285714286,
      "category": "CommunityPoolSpend",
      "voteDistribution": {
        "YES": 778,
        "NO": 58,
        "ABSTAIN": 96,
        "NO_WITH_VETO": 0,
        "NO_VOTE": 468
      },
      "votingPowerDistribution": {
        "YES": 6.642307,
        "NO": 0.6690370000000001,
        "ABSTAIN": 0.7871719999999998,
        "NO_WITH_VETO": 0,
        "NO_VOTE": 0.14887800000000018
      }
    },
    "Governance Settings": {
      "count": 2,
      "passCount": 2,
      "passRate": 100,
      "category": "ParameterChange",
      "voteDistribution": {
        "YES": 118,
        "NO": 1,
        "ABSTAIN": 0,
        "NO_WITH_VETO": 0,
        "NO_VOTE": 81
      },
      "votingPowerDistribution": {
        "YES": 1.1114110000000001,
        "NO": 0.000115,
        "ABSTAIN": 0,
        "NO_WITH_VETO": 0,
        "NO_VOTE": 0.03733
      }
    },
    "Major Release": {
      "count": 9,
      "passCount": 8,
      "passRate": 88.88888888888889,
      "category": "SoftwareUpgrade",
      "voteDistribution": {
        "YES": 606,
        "NO": 126,
        "ABSTAIN": 1,
        "NO_WITH_VETO": 10,
        "NO_VOTE": 257
      },
      "votingPowerDistribution": {
        "YES": 5.470343000000007,
        "NO": 1.2361919999999982,
        "ABSTAIN": 0.001722,
        "NO_WITH_VETO": 0.116344,
        "NO_VOTE": 0.021283
      }
    },
    "Unknown": {
      "count": 4,
      "passCount": 4,
      "passRate": 100,
      "category": "Unknown",
      "voteDistribution": {
        "YES": 260,
        "NO": 7,
        "ABSTAIN": 13,
        "NO_WITH_VETO": 0,
        "NO_VOTE": 120
      },
      "votingPowerDistribution": {
        "YES": 2.549792999999998,
        "NO": 0.100307,
        "ABSTAIN": 0.106518,