{
  "categories": {
    "SoftwareUpgrade": {
      "count": 18,
      "passCount": 17,
      "passRate": 94.44444444444444,
      "voteDistribution": {
        "YES": 577,
        "NO": 76,
        "ABSTAIN": 1,
        "NO_WITH_VETO": 0,
        "NO_VOTE": 771
      },
      "votingPowerDistribution": {
        "YES": 8.451562999999995,
        "NO": 1.096916,
        "ABSTAIN": 0.010396,
        "NO_WITH_VETO": 0,
        "NO_VOTE": 5.973731999999996
      }
    },
    "ParameterChange": {
      "count": 24,
      "passCount": 23,
      "passRate": 95.83333333333334,
      "voteDistribution": {
        "YES": 1138,
        "NO": 29,
        "ABSTAIN": 7,
        "NO_WITH_VETO": 0,
        "NO_VOTE": 926
      },
      "votingPowerDistribution": {
        "YES": 16.248803000000034,
        "NO": 0.47468200000000005,
        "ABSTAIN": 0.028360999999999997,
        "NO_WITH_VETO": 0,
        "NO_VOTE": 6.584112000000003
      }
    },
    "IBCRelated": {
      "count": 1,
      "passCount": 1,
      "passRate": 100,
      "voteDistribution": {
        "YES": 36,
        "NO": 1,
        "ABSTAIN": 2,
        "NO_WITH_VETO": 0,
        "NO_VOTE": 36
      },
      "votingPowerDistribution": {
        "YES": 0.5777619999999999,
        "NO": 0.006699,
        "ABSTAIN": 0.050002,
        "NO_WITH_VETO": 0,
        "NO_VOTE": 0.21553399999999998
      }
    },
    "Unknown": {
      "count": 10,
      "passCount": 8,
      "passRate": 80,
      "voteDistribution": {
        "YES": 349,
        "NO": 7,
        "ABSTAIN": 19,
        "NO_WITH_VETO": 49,
        "NO_VOTE": 326
      },
      "votingPowerDistribution": {
        "YES": 4.723907999999998,
        "NO": 0.136822,
        "ABSTAIN": 0.23847000000000002,
        "NO_WITH_VETO": 0.6639940000000001,
        "NO_VOTE": 2.438219000000001
      }
    },
    "CommunityPoolSpend": {
      "count": 36,
      "passCount": 26,
      "passRate": 72.22222222222221,
      "voteDistribution": {
        "YES": 1105,
        "NO": 256,
        "ABSTAIN": 255,
        "NO_WITH_VETO": 1,
        "NO_VOTE": 1233
      },
      "votingPowerDistribution": {
        "YES": 14.365580000000026,
        "NO": 3.4226819999999996,
        "ABSTAIN": 3.352809999999999,
        "NO_WITH_VETO": 0.005161,
        "NO_VOTE": 9.848468
      }
    },
    "TextProposal": {
      "count": 9,
      "passCount": 2,
      "passRate": 22.22222222222222,
      "voteDistribution": {
        "YES": 60,
        "NO": 10,
        "ABSTAIN": 22,
        "NO_WITH_VETO": 193,
        "NO_VOTE": 540
      },
      "votingPowerDistribution": {
        "YES": 0.7859780000000002,
        "NO": 0.06934300000000002,
        "ABSTAIN": 0.27821300000000004,
        "NO_WITH_VETO": 2.8130070000000003,
        "NO_VOTE": 4.847570999999999
      }
    },
    "SmartContract": {
      "count": 25,
      "passCount": 25,
      "passRate": 100,
      "voteDistribution": {
        "YES": 1115,
        "NO": 1,
        "ABSTAIN": 15,
        "NO_WITH_VETO": 0,
        "NO_VOTE": 818
      },
      "votingPowerDistribution": {
        "YES": 14.36570400000001,
        "NO": 0.011506,
        "ABSTAIN": 0.16471500000000003,
        "NO_WITH_VETO": 0,
        "NO_VOTE": 6.707300999999995
      }
    }
  },
  "topics": {
    "Major Release": {
      "count": 18,
      "passCount": 17,
      "passRate": 94.44444444444444,
      "category": "SoftwareUpgrade",
      "voteDistribution": {
        "YES": 577,
        "NO": 76,
        "ABSTAIN": 1,
        "NO_WITH_VETO": 0,
        "NO_VOTE": 771
      },
      "votingPowerDistribution": {
        "YES": 8.451562999999995,
        "NO": 1.096916,
        "ABSTAIN": 0.010396,
        "NO_WITH_VETO": 0,
        "NO_VOTE": 5.973731999999996
      }
    },
    "Governance Settings": {
      "count": 5,
      "passCount": 5,
      "passRate": 100,
      "category": "ParameterChange",
      "voteDistribution": {
        "YES": 146,
        "NO": 0,
        "ABSTAIN": 1,
        "NO_WITH_VETO": 0,
        "NO_VOTE": 228
      },
      "votingPowerDistribution": {
        "YES": 2.181499,
        "NO": 0,
        "ABSTAIN": 0.007071,
        "NO_WITH_VETO": 0,
        "NO_VOTE": 1.8988760000000005
      }
    },
    "Staking Parameters": {
      "count": 11,
      "passCount": 10,
      "passRate": 90.9090909090909,
      "category": "ParameterChange",
      "voteDistribution": {
        "YES": 502,
        "NO": 29,
        "ABSTAIN": 2,
        "NO_WITH_VETO": 0,
        "NO_VOTE": 367
      },
      "votingPowerDistribution": {
        "YES": 7.19939599999999,
        "NO": 0.47468200000000005,
        "ABSTAIN": 0.01078,
        "NO_WITH_VETO": 0,
        "NO_VOTE": 2.307624999999999
      }
    },
    "Protocol Configuration": {
      "count": 3,
      "passCount": 3,
      "passRate": 100,
      "category": "ParameterChange",
      "voteDistribution": {
        "YES": 127,
        "NO": 0,
        "ABSTAIN": 0,
        "NO_WITH_VETO": 0,
        "NO_VOTE": 98
      },
      "votingPowerDistribution": {
        "YES": 1.7885899999999986,
        "NO": 0,
        "ABSTAIN": 0,
        "NO_WITH_VETO": 0,
        "NO_VOTE": 0.7591279999999999
      }
    },
    "Economic Parameters": {
      "count": 2,
      "passCount": 2,
      "passRate": 100,
      "category": "ParameterChange",
      "voteDistribution": {
        "YES": 225,
        "NO": 0,
        "ABSTAIN": 3,
        "NO_WITH_VETO": 0,
        "NO_VOTE": 147
      },
      "votingPowerDistribution": {
        "YES": 3.1930449999999997,
        "NO": 0,
        "ABSTAIN": 0,
        "NO_WITH_VETO": 0,
        "NO_VOTE": 1.032578
      }
    },
    "Client Update": {
      "count": 1,
      "passCount": 1,
      "passRate": 100,
      "category": "IBCRelated",
      "voteDistribution": {
        "YES": 36,
        "NO": 1,
        "ABSTAIN": 2,
        "NO_WITH_VETO": 0,
        "NO_VOTE": 36
      },
      "votingPowerDistribution": {
        "YES": 0.5777619999999999,
        "NO": 0.006699,
        "ABSTAIN": 0.050002,
        "NO_WITH_VETO": 0,
        "NO_VOTE": 0.21553399999999998
      }
    },
    "Unknown": {
      "count": 10,
      "passCount": 8,
      "passRate": 80,
      "category": "Unknown",
      "voteDistribution": {
        "YES": 349,
        "NO": 7,
        "ABSTAIN": 19,
        "NO_WITH_VETO": 49,
        "NO_VOTE": 326
      },
      "votingPowerDistribution": {
        "YES": 4.723907999999998,
        "NO": 0.136822,
        "ABSTAIN": 0.23847000000000002,
        "NO_WITH_VETO": 0.6639940000000001,
        "NO_VOTE": 2.438219000000001
      }
    },
    "Community Support": {
      "count": 26,
      "passCount": 19,
      "passRate": 73.07692307692307,
      "category": "CommunityPoolSpend",
      "voteDistribution": {
        "YES": 775,
        "NO": 197,
        "ABSTAIN": 183,
        "NO_WITH_VETO": 1,
        "NO_VOTE": 794
      },
      "votingPowerDistribution": {
        "YES": 9.958251000000022,
        "NO": 2.7295019999999997,
        "ABSTAIN": 2.315444,
        "NO_WITH_VETO": 0.005161,
        "NO_VOTE": 6.297317000000008
      }
    },
    "Governance Process": {
      "count": 8,
      "passCount": 1,
      "passRate": 12.5,
      "category": "TextProposal",
      "voteDistribution": {
        "YES": 33,
        "NO": 6,
        "ABSTAIN": 13,
        "NO_WITH_VETO": 193,
        "NO_VOTE": 505
      },
      "votingPowerDistribution": {
        "YES": 0.41072300000000006,
        "NO": 0.035789,
        "ABSTAIN": 0.15424000000000004,
        "NO_WITH_VETO": 2.8130070000000003,
        "NO_VOTE": 4.549310999999999
      }
    },
    "Fee Adjustment": {
      "count": 3,
      "passCount": 3,
      "passRate": 100,
      "category": "ParameterChange",
      "voteDistribution": {
        "YES": 138,
        "NO": 0,
        "ABSTAIN": 1,
        "NO_WITH_VETO": 0,
        "NO_VOTE": 86
      },
      "votingPowerDistribution": {
        "YES": 1.8862729999999999,
        "NO": 0,
        "ABSTAIN": 0.01051,