{
  "categories": {
    "TextProposal": {
      "count": 43,
      "passCount": 13,
      "passRate": 30.23255813953488,
      "voteDistribution": {
        "YES": 1426,
        "NO": 544,
        "ABSTAIN": 565,
        "NO_WITH_VETO": 2285,
        "NO_VOTE": 2219
      },
      "votingPowerDistribution": {
        "YES": 8.994731000000021,
        "NO": 3.2206579999999962,
        "ABSTAIN": 4.638668000000004,
        "NO_WITH_VETO": 20.559454999999993,
        "NO_VOTE": 6.253693000000047
      }
    },
    "ParameterChange": {
      "count": 15,
      "passCount": 14,
      "passRate": 93.33333333333333,
      "voteDistribution": {
        "YES": 1662,
        "NO": 181,
        "ABSTAIN": 97,
        "NO_WITH_VETO": 4,
        "NO_VOTE": 433
      },
      "votingPowerDistribution": {
        "YES": 10.133522000000015,
        "NO": 1.1839189999999995,
        "ABSTAIN": 1.127191,
        "NO_WITH_VETO": 0.008707999999999999,
        "NO_VOTE": 1.2085309999999998
      }
    },
    "IBCRelated": {
      "count": 6,
      "passCount": 5,
      "passRate": 83.33333333333334,
      "voteDistribution": {
        "YES": 767,
        "NO": 1,
        "ABSTAIN": 5,
        "NO_WITH_VETO": 0,
        "NO_VOTE": 90
      },
      "votingPowerDistribution": {
        "YES": 4.6898700000000035,
        "NO": 0.000684,
        "ABSTAIN": 0.045118000000000005,
        "NO_WITH_VETO": 0,
        "NO_VOTE": 0.23197500000000001
      }
    },
    "Unknown": {
      "count": 30,
      "passCount": 6,
      "passRate": 20,
      "voteDistribution": {
        "YES": 457,
        "NO": 77,
        "ABSTAIN": 126,
        "NO_WITH_VETO": 1471,
        "NO_VOTE": 1706
      },
      "votingPowerDistribution": {
        "YES": 3.4662280000000023,
        "NO": 0.20865699999999995,
        "ABSTAIN": 0.9180349999999997,
        "NO_WITH_VETO": 15.247206000000029,
        "NO_VOTE": 5.482186000000009
      }
    },
    "TokenRelated": {
      "count": 39,
      "passCount": 38,
      "passRate": 97.43589743589743,
      "voteDistribution": {
        "YES": 4411,
        "NO": 98,
        "ABSTAIN": 235,
        "NO_WITH_VETO": 0,
        "NO_VOTE": 867
      },
      "votingPowerDistribution": {
        "YES": 27.09557099999986,
        "NO": 1.315196,
        "ABSTAIN": 2.781209000000001,
        "NO_WITH_VETO": 0,
        "NO_VOTE": 2.0430969999999977
      }
    },
    "CommunityPoolSpend": {
      "count": 70,
      "passCount": 52,
      "passRate": 74.28571428571429,
      "voteDistribution": {
        "YES": 4706,
        "NO": 1306,
        "ABSTAIN": 1711,
        "NO_WITH_VETO": 120,
        "NO_VOTE": 2202
      },
      "votingPowerDistribution": {
        "YES": 32.51003499999992,
        "NO": 9.608721000000031,
        "ABSTAIN": 14.805754000000007,
        "NO_WITH_VETO": 0.7973259999999999,
        "NO_VOTE": 5.004143000000024
      }
    },
    "SoftwareUpgrade": {
      "count": 16,
      "passCount": 13,
      "passRate": 81.25,
      "voteDistribution": {
        "YES": 1408,
        "NO": 340,
        "ABSTAIN": 16,
        "NO_WITH_VETO": 0,
        "NO_VOTE": 264
      },
      "votingPowerDistribution": {
        "YES": 10.555704000000004,
        "NO": 2.3190869999999992,
        "ABSTAIN": 0.114415,
        "NO_WITH_VETO": 0,
        "NO_VOTE": 0.46664999999999973
      }
    }
  },
  "topics": {
    "Governance Process": {
      "count": 39,
      "passCount": 11,
      "passRate": 28.205128205128204,
      "category": "TextProposal",
      "voteDistribution": {
        "YES": 1259,
        "NO": 453,
        "ABSTAIN": 485,
        "NO_WITH_VETO": 2197,
        "NO_VOTE": 2100
      },
      "votingPowerDistribution": {
        "YES": 7.701255000000026,
        "NO": 2.5577819999999964,
        "ABSTAIN": 3.876964000000002,
        "NO_WITH_VETO": 19.911363000000012,
        "NO_VOTE": 6.029225000000042
      }
    },
    "Economic Parameters": {
      "count": 4,
      "passCount": 3,
      "passRate": 75,
      "category": "ParameterChange",
      "voteDistribution": {
        "YES": 206,
        "NO": 129,
        "ABSTAIN": 56,
        "NO_WITH_VETO": 1,
        "NO_VOTE": 158
      },
      "votingPowerDistribution": {
        "YES": 1.3591980000000004,
        "NO": 0.967036,
        "ABSTAIN": 0.6147039999999999,
        "NO_WITH_VETO": 0.000078,
        "NO_VOTE": 0.4806719999999998
      }
    },
    "Governance Settings": {
      "count": 3,
      "passCount": 3,
      "passRate": 100,
      "category": "ParameterChange",
      "voteDistribution": {
        "YES": 484,
        "NO": 2,
        "ABSTAIN": 5,
        "NO_WITH_VETO": 0,
        "NO_VOTE": 85
      },
      "votingPowerDistribution": {
        "YES": 2.646134999999996,
        "NO": 0.00363,
        "ABSTAIN": 0.09023700000000001,
        "NO_WITH_VETO": 0,
        "NO_VOTE": 0.2615179999999999
      }
    },
    "Protocol Configuration": {
      "count": 2,
      "passCount": 2,
      "passRate": 100,
      "category": "ParameterChange",
      "voteDistribution": {
        "YES": 233,
        "NO": 1,
        "ABSTAIN": 15,
        "NO_WITH_VETO": 1,
        "NO_VOTE": 38
      },
      "votingPowerDistribution": {
        "YES": 1.3485319999999992,
        "NO": 0.000002,
        "ABSTAIN": 0.13638200000000003,
        "NO_WITH_VETO": 0.004207,
        "NO_VOTE": 0.073376
      }
    },
    "Client Update": {
      "count": 2,
      "passCount": 1,
      "passRate": 50,
      "category": "IBCRelated",
      "voteDistribution": {
        "YES": 277,
        "NO": 0,
        "ABSTAIN": 2,
        "NO_WITH_VETO": 0,
        "NO_VOTE": 9
      },
      "votingPowerDistribution": {
        "YES": 1.5076149999999988,
        "NO": 0,
        "ABSTAIN": 0.045116,
        "NO_WITH_VETO": 0,
        "NO_VOTE": 0.025108
      }
    },
    "Fee Adjustment": {
      "count": 5,
      "passCount": 5,
      "passRate": 100,
      "category": "ParameterChange",
      "voteDistribution": {
        "YES": 716,
        "NO": 6,
        "ABSTAIN": 12,
        "NO_WITH_VETO": 0,
        "NO_VOTE": 115
      },
      "votingPowerDistribution": {
        "YES": 4.347845000000001,
        "NO": 0.011737000000000001,
        "ABSTAIN": 0.129442,
        "NO_WITH_VETO": 0,
        "NO_VOTE": 0.2949269999999999
      }
    },
    "Unknown": {
      "count": 13,
      "passCount": 4,
      "passRate": 30.76923076923077,
      "category": "Unknown",
      "voteDistribution": {
        "YES": 357,
        "NO": 52,
        "ABSTAIN": 71,
        "NO_WITH_VETO": 646,
        "NO_VOTE": 735
      },
      "votingPowerDistribution": {
        "YES": 2.563294000000001,
        "NO": 0.09822999999999998,
        "ABSTAIN": 0.47384,
        "NO_WITH_VETO": 6.010088000000013,
        "NO_VOTE": 2.235921999999997
      }
    },
    "Token Registration": {
      "count": 39,
      "passCount": 38,
      "passRate": 97.43589743589743,
      "category": "TokenRelated",
      "voteDistribution": {
        "YES": 4411,
        "NO": 98,
        "ABSTAIN": 235,
        "NO_WITH_VETO": 0,
        "NO_VOTE": 867
      },
      "votingPowerDistribution": {
        "YES": 27.09557099999986,
        "NO": 1.315196,
        "ABSTAIN": 2.781209000000001,
        "NO_WITH_VETO": 0,
        "NO_VOTE": 2.0430969999999977
      }
    },
    "Community Support": {
      "count": 40,
      "passCount": 31,
      "passRate": 77.5,
      "category": "CommunityPoolSpend",
      "voteDistribution": {
        "YES": 2864,
        "NO": 682,
        "ABSTAIN": 1026,
        "NO_WITH_VETO": 15,
        "NO_VOTE": 1192
      },
      "votingPowerDistribution": {
        "YES": 19.614328999999948,
        "NO": 4.812165000000002,
        "ABSTAIN": 9.302520000000012,
        "NO_WITH_VETO": 0.019882000000000004,
        "NO_VOTE": 2.658990999999997
      }
    },
    "IBC Security": {
      "count": 4,
      "passCount": 4,
      "passRate": 100,
      "category": "IBCRelated",
      "voteDistribution": {
        "YES": 490,