{
  "categories": {
    "SoftwareUpgrade": {
      "count": 7,
      "passCount": 7,
      "passRate": 100,
      "voteDistribution": {
        "YES": 563,
        "NO": 0,
        "ABSTAIN": 1,
        "NO_WITH_VETO": 0,
        "NO_VOTE": 241
      },
      "votingPowerDistribution": {
        "YES": 4.119804000000005,
        "NO": 0,
        "ABSTAIN": 0.052847,
        "NO_WITH_VETO": 0,
        "NO_VOTE": 0.6025519999999995
      }
    },
    "ParameterChange": {
      "count": 7,
      "passCount": 5,
      "passRate": 71.42857142857143,
      "voteDistribution": {
        "YES": 404,
        "NO": 14,
        "ABSTAIN": 3,
        "NO_WITH_VETO": 3,
        "NO_VOTE": 381
      },
      "votingPowerDistribution": {
        "YES": 3.149016000000002,
        "NO": 0.087752,
        "ABSTAIN": 0.053043,
        "NO_WITH_VETO": 0.036718999999999995,
        "NO_VOTE": 1.029185999999999
      }
    },
    "CommunityPoolSpend": {
      "count": 33,
      "passCount": 28,
      "passRate": 84.84848484848484,
      "voteDistribution": {
        "YES": 2090,
        "NO": 164,
        "ABSTAIN": 222,
        "NO_WITH_VETO": 17,
        "NO_VOTE": 1412
      },
      "votingPowerDistribution": {
        "YES": 15.142042999999923,
        "NO": 0.8650260000000003,
        "ABSTAIN": 1.9247489999999996,
        "NO_WITH_VETO": 0.192838,
        "NO_VOTE": 3.349208000000006
      }
    },
    "TextProposal": {
      "count": 21,
      "passCount": 3,
      "passRate": 14.285714285714285,
      "voteDistribution": {
        "YES": 204,
        "NO": 124,
        "ABSTAIN": 124,
        "NO_WITH_VETO": 1016,
        "NO_VOTE": 1980
      },
      "votingPowerDistribution": {
        "YES": 1.6869249999999998,
        "NO": 0.38821199999999995,
        "ABSTAIN": 0.47181599999999996,
        "NO_WITH_VETO": 8.288251000000013,
        "NO_VOTE": 5.331157000000026
      }
    },
    "IBCRelated": {
      "count": 1,
      "passCount": 1,
      "passRate": 100,
      "voteDistribution": {
        "YES": 57,
        "NO": 0,
        "ABSTAIN": 0,
        "NO_WITH_VETO": 0,
        "NO_VOTE": 58
      },
      "votingPowerDistribution": {
        "YES": 0.61877,
        "NO": 0,
        "ABSTAIN": 0,
        "NO_WITH_VETO": 0,
        "NO_VOTE": 0.07616300000000001
      }
    },
    "Unknown": {
      "count": 15,
      "passCount": 1,
      "passRate": 6.666666666666667,
      "voteDistribution": {
        "YES": 73,
        "NO": 17,
        "ABSTAIN": 1,
        "NO_WITH_VETO": 797,
        "NO_VOTE": 837
      },
      "votingPowerDistribution": {
        "YES": 0.534003,
        "NO": 0.022000000000000002,
        "ABSTAIN": 0.022894,
        "NO_WITH_VETO": 5.431481000000002,
        "NO_VOTE": 2.235165
      }
    },
    "TokenRelated": {
      "count": 1,
      "passCount": 1,
      "passRate": 100,
      "voteDistribution": {
        "YES": 92,
        "NO": 0,
        "ABSTAIN": 0,
        "NO_WITH_VETO": 0,
        "NO_VOTE": 23
      },
      "votingPowerDistribution": {
        "YES": 0.6239180000000002,
        "NO": 0,
        "ABSTAIN": 0,
        "NO_WITH_VETO": 0,
        "NO_VOTE": 0.022986
      }
    }
  },
  "topics": {
    "Major Release": {
      "count": 7,
      "passCount": 7,
      "passRate": 100,
      "category": "SoftwareUpgrade",
      "voteDistribution": {
        "YES": 563,
        "NO": 0,
        "ABSTAIN": 1,
        "NO_WITH_VETO": 0,
        "NO_VOTE": 241
      },
      "votingPowerDistribution": {
        "YES": 4.119804000000005,
        "NO": 0,
        "ABSTAIN": 0.052847,
        "NO_WITH_VETO": 0,
        "NO_VOTE": 0.6025519999999995
      }
    },
    "Protocol Configuration": {
      "count": 2,
      "passCount": 2,
      "passRate": 100,
      "category": "ParameterChange",
      "voteDistribution": {
        "YES": 143,
        "NO": 0,
        "ABSTAIN": 0,
        "NO_WITH_VETO": 0,
        "NO_VOTE": 87
      },
      "votingPowerDistribution": {
        "YES": 1.10461,
        "NO": 0,
        "ABSTAIN": 0,
        "NO_WITH_VETO": 0,
        "NO_VOTE": 0.20565900000000004
      }
    },
    "Fee Adjustment": {
      "count": 2,
      "passCount": 1,
      "passRate": 50,
      "category": "ParameterChange",
      "voteDistribution": {
        "YES": 108,
        "NO": 0,
        "ABSTAIN": 1,
        "NO_WITH_VETO": 0,
        "NO_VOTE": 121
      },
      "votingPowerDistribution": {
        "YES": 0.8527029999999998,
        "NO": 0,
        "ABSTAIN": 0,
        "NO_WITH_VETO": 0,
        "NO_VOTE": 0.34453000000000006
      }
    },
    "Governance Settings": {
      "count": 2,
      "passCount": 2,
      "passRate": 100,
      "category": "ParameterChange",
      "voteDistribution": {
        "YES": 120,
        "NO": 6,
        "ABSTAIN": 2,
        "NO_WITH_VETO": 2,
        "NO_VOTE": 100
      },
      "votingPowerDistribution": {
        "YES": 0.9786819999999999,
        "NO": 0.014633,
        "ABSTAIN": 0.053043,
        "NO_WITH_VETO": 0.027797999999999996,
        "NO_VOTE": 0.247615
      }
    },
    "Development Fund": {
      "count": 1,
      "passCount": 1,
      "passRate": 100,
      "category": "CommunityPoolSpend",
      "voteDistribution": {
        "YES": 44,
        "NO": 3,
        "ABSTAIN": 3,
        "NO_WITH_VETO": 1,
        "NO_VOTE": 64
      },
      "votingPowerDistribution": {
        "YES": 0.3056499999999999,
        "NO": 0.043262999999999996,
        "ABSTAIN": 0.019458,
        "NO_WITH_VETO": 0.004364,
        "NO_VOTE": 0.19770999999999997
      }
    },
    "Staking Parameters": {
      "count": 1,
      "passCount": 0,
      "passRate": 0,
      "category": "ParameterChange",
      "voteDistribution": {
        "YES": 33,
        "NO": 8,
        "ABSTAIN": 0,
        "NO_WITH_VETO": 1,
        "NO_VOTE": 73
      },
      "votingPowerDistribution": {
        "YES": 0.213021,
        "NO": 0.073119,
        "ABSTAIN": 0,
        "NO_WITH_VETO": 0.008921,
        "NO_VOTE": 0.23138199999999998
      }
    },
    "Community Support": {
      "count": 23,
      "passCount": 19,
      "passRate": 82.6086956521739,
      "category": "CommunityPoolSpend",
      "voteDistribution": {
        "YES": 1328,
        "NO": 158,
        "ABSTAIN": 196,
        "NO_WITH_VETO": 16,
        "NO_VOTE": 942
      },
      "votingPowerDistribution": {
        "YES": 9.599458999999994,
        "NO": 0.8054140000000001,
        "ABSTAIN": 1.600973,
        "NO_WITH_VETO": 0.188474,
        "NO_VOTE": 2.2791140000000008
      }
    },
    "Ecosystem Growth": {
      "count": 9,
      "passCount": 8,
      "passRate": 88.88888888888889,
      "category": "CommunityPoolSpend",
      "voteDistribution": {
        "YES": 718,
        "NO": 3,
        "ABSTAIN": 23,
        "NO_WITH_VETO": 0,
        "NO_VOTE": 406
      },
      "votingPowerDistribution": {
        "YES": 5.236934000000002,
        "NO": 0.016349,
        "ABSTAIN": 0.3043179999999999,
        "NO_WITH_VETO": 0,
        "NO_VOTE": 0.8723839999999994
      }
    },
    "Governance Process": {
      "count": 20,
      "passCount": 3,
      "passRate": 15,
      "category": "TextProposal",
      "voteDistribution": {
        "YES": 178,
        "NO": 115,
        "ABSTAIN": 112,
        "NO_WITH_VETO": 994,
        "NO_VOTE": 1934
      },
      "votingPowerDistribution": {
        "YES": 1.650356,
        "NO": 0.364735,
        "ABSTAIN": 0.46080399999999994,
        "NO_WITH_VETO": 7.902791000000011,
        "NO_VOTE": 5.214254000000025
      }
    },
    "Client Update": {
      "count": 1,
      "passCount": 1,
      "passRate": 100,
      "category": "IBCRelated",
      "voteDistribution": {
        "YES": 57,
        "NO": 0,
        "ABSTAIN": 0,
        "NO_WITH_VETO": 0,
        "NO_VOTE": 58
      },
      "votingPowerDistribution": {
        "YES": 0.61877,
        "NO": 0,
        "ABSTAIN": 0,
        "NO_WITH_VETO": 0,
        "NO_VOTE": 0.07616300000000001
      }
    },