{
  "categories": {
    "CommunityPoolSpend": {
      "count": 25,
      "passCount": 18,
      "passRate": 72,
      "voteDistribution": {
        "YES": 1623,
        "NO": 330,
        "ABSTAIN": 415,
        "NO_WITH_VETO": 6,
        "NO_VOTE": 1363
      },
      "votingPowerDistribution": {
        "YES": 11.438409999999985,
        "NO": 2.7621299999999995,
        "ABSTAIN": 3.065602,
        "NO_WITH_VETO": 0.015754,
        "NO_VOTE": 3.504980999999996
      }
    },
    "TextProposal": {
      "count": 40,
      "passCount": 21,
      "passRate": 52.5,
      "voteDistribution": {
        "YES": 1860,
        "NO": 862,
        "ABSTAIN": 554,
        "NO_WITH_VETO": 1012,
        "NO_VOTE": 2310
      },
      "votingPowerDistribution": {
        "YES": 12.388583999999977,
        "NO": 6.16581999999999,
        "ABSTAIN": 4.785255999999995,
        "NO_WITH_VETO": 7.447332999999977,
        "NO_VOTE": 5.96160000000001
      }
    },
    "ParameterChange": {
      "count": 15,
      "passCount": 13,
      "passRate": 86.66666666666667,
      "voteDistribution": {
        "YES": 1257,
        "NO": 103,
        "ABSTAIN": 83,
        "NO_WITH_VETO": 2,
        "NO_VOTE": 805
      },
      "votingPowerDistribution": {
        "YES": 9.042570999999983,
        "NO": 0.7553830000000002,
        "ABSTAIN": 0.6676370000000001,
        "NO_WITH_VETO": 0.006925,
        "NO_VOTE": 2.28565
      }
    },
    "SoftwareUpgrade": {
      "count": 20,
      "passCount": 20,
      "passRate": 100,
      "voteDistribution": {
        "YES": 1995,
        "NO": 19,
        "ABSTAIN": 35,
        "NO_WITH_VETO": 1,
        "NO_VOTE": 915
      },
      "votingPowerDistribution": {
        "YES": 14.523764999999974,
        "NO": 0.073804,
        "ABSTAIN": 0.23331300000000002,
        "NO_WITH_VETO": 0.000001,
        "NO_VOTE": 2.0053119999999987
      }
    },
    "SmartContract": {
      "count": 16,
      "passCount": 11,
      "passRate": 68.75,
      "voteDistribution": {
        "YES": 1019,
        "NO": 93,
        "ABSTAIN": 428,
        "NO_WITH_VETO": 3,
        "NO_VOTE": 840
      },
      "votingPowerDistribution": {
        "YES": 7.390101999999986,
        "NO": 0.6402249999999999,
        "ABSTAIN": 3.655987999999998,
        "NO_WITH_VETO": 0.007376000000000001,
        "NO_VOTE": 1.8533769999999994
      }
    },
    "IBCRelated": {
      "count": 6,
      "passCount": 6,
      "passRate": 100,
      "voteDistribution": {
        "YES": 608,
        "NO": 4,
        "ABSTAIN": 18,
        "NO_WITH_VETO": 0,
        "NO_VOTE": 420
      },
      "votingPowerDistribution": {
        "YES": 4.462646999999995,
        "NO": 0.032429,
        "ABSTAIN": 0.154561,
        "NO_WITH_VETO": 0,
        "NO_VOTE": 0.8022020000000001
      }
    },
    "Unknown": {
      "count": 20,
      "passCount": 11,
      "passRate": 55.00000000000001,
      "voteDistribution": {
        "YES": 797,
        "NO": 261,
        "ABSTAIN": 430,
        "NO_WITH_VETO": 272,
        "NO_VOTE": 1360
      },
      "votingPowerDistribution": {
        "YES": 6.162622000000001,
        "NO": 2.2297070000000003,
        "ABSTAIN": 3.5439269999999983,
        "NO_WITH_VETO": 2.1079139999999987,
        "NO_VOTE": 2.936431999999999
      }
    }
  },
  "topics": {
    "Community Support": {
      "count": 23,
      "passCount": 16,
      "passRate": 69.56521739130434,
      "category": "CommunityPoolSpend",
      "voteDistribution": {
        "YES": 1459,
        "NO": 324,
        "ABSTAIN": 367,
        "NO_WITH_VETO": 6,
        "NO_VOTE": 1281
      },
      "votingPowerDistribution": {
        "YES": 10.13089699999999,
        "NO": 2.6845519999999996,
        "ABSTAIN": 2.811950999999999,
        "NO_WITH_VETO": 0.015754,
        "NO_VOTE": 3.352136999999997
      }
    },
    "Governance Process": {
      "count": 31,
      "passCount": 15,
      "passRate": 48.38709677419355,
      "category": "TextProposal",
      "voteDistribution": {
        "YES": 1432,
        "NO": 673,
        "ABSTAIN": 326,
        "NO_WITH_VETO": 957,
        "NO_VOTE": 1861
      },
      "votingPowerDistribution": {
        "YES": 9.840843999999986,
        "NO": 4.731044999999998,
        "ABSTAIN": 2.7991140000000025,
        "NO_WITH_VETO": 7.085061999999978,
        "NO_VOTE": 4.648026000000003
      }
    },
    "Staking Parameters": {
      "count": 4,
      "passCount": 3,
      "passRate": 75,
      "category": "ParameterChange",
      "voteDistribution": {
        "YES": 272,
        "NO": 57,
        "ABSTAIN": 35,
        "NO_WITH_VETO": 0,
        "NO_VOTE": 236
      },
      "votingPowerDistribution": {
        "YES": 1.7565729999999997,
        "NO": 0.3972109999999999,
        "ABSTAIN": 0.33287200000000006,
        "NO_WITH_VETO": 0,
        "NO_VOTE": 0.8507780000000003
      }
    },
    "Fee Adjustment": {
      "count": 8,
      "passCount": 7,
      "passRate": 87.5,
      "category": "ParameterChange",
      "voteDistribution": {
        "YES": 699,
        "NO": 42,
        "ABSTAIN": 40,
        "NO_WITH_VETO": 2,
        "NO_VOTE": 417
      },
      "votingPowerDistribution": {
        "YES": 5.083581999999995,
        "NO": 0.34734799999999993,
        "ABSTAIN": 0.29701399999999994,
        "NO_WITH_VETO": 0.006925,
        "NO_VOTE": 1.1058749999999993
      }
    },
    "Major Release": {
      "count": 17,
      "passCount": 17,
      "passRate": 100,
      "category": "SoftwareUpgrade",
      "voteDistribution": {
        "YES": 1716,
        "NO": 17,
        "ABSTAIN": 34,
        "NO_WITH_VETO": 1,
        "NO_VOTE": 747
      },
      "votingPowerDistribution": {
        "YES": 12.447231999999985,
        "NO": 0.055931999999999996,
        "ABSTAIN": 0.23214600000000002,
        "NO_WITH_VETO": 0.000001,
        "NO_VOTE": 1.520131
      }
    },
    "Security Enhancement": {
      "count": 3,
      "passCount": 3,
      "passRate": 100,
      "category": "SoftwareUpgrade",
      "voteDistribution": {
        "YES": 279,
        "NO": 2,
        "ABSTAIN": 1,
        "NO_WITH_VETO": 0,
        "NO_VOTE": 168
      },
      "votingPowerDistribution": {
        "YES": 2.0765330000000004,
        "NO": 0.017872,
        "ABSTAIN": 0.001167,
        "NO_WITH_VETO": 0,
        "NO_VOTE": 0.48518100000000003
      }
    },
    "Community Decision": {
      "count": 1,
      "passCount": 0,
      "passRate": 0,
      "category": "TextProposal",
      "voteDistribution": {
        "YES": 14,
        "NO": 40,
        "ABSTAIN": 30,
        "NO_WITH_VETO": 1,
        "NO_VOTE": 65
      },
      "votingPowerDistribution": {
        "YES": 0.059943,
        "NO": 0.28067999999999993,
        "ABSTAIN": 0.268374,
        "NO_WITH_VETO": 0.003457,
        "NO_VOTE": 0.21343900000000002
      }
    },
    "Project Funding": {
      "count": 7,
      "passCount": 5,
      "passRate": 71.42857142857143,
      "category": "TextProposal",
      "voteDistribution": {
        "YES": 321,
        "NO": 147,
        "ABSTAIN": 185,
        "NO_WITH_VETO": 54,
        "NO_VOTE": 342
      },
      "votingPowerDistribution": {
        "YES": 1.868519000000001,
        "NO": 1.140325,
        "ABSTAIN": 1.6285140000000005,
        "NO_WITH_VETO": 0.35881399999999986,
        "NO_VOTE": 1.0066959999999996
      }
    },
    "Contract Upgrade": {
      "count": 6,
      "passCount": 6,
      "passRate": 100,
      "category": "SmartContract",
      "voteDistribution": {
        "YES": 609,
        "NO": 1,
        "ABSTAIN": 34,
        "NO_WITH_VETO": 0,
        "NO_VOTE": 256
      },
      "votingPowerDistribution": {
        "YES": 4.273724999999999,
        "NO": 0.000576,
        "ABSTAIN": 0.248577,
        "NO_WITH_VETO": 0,
        "NO_VOTE": 0.7324539999999999
      }
    },
    "Client Update": {
      "count": 1,
      "passCount": 1,
      "passRate": 100,
      "category": "IBCRelated",
      "voteDistribution": {
        "YES": 91,
        "NO": 0,