{
  "categories": {
    "ParameterChange": {
      "count": 73,
      "passCount": 69,
      "passRate": 94.52054794520548,
      "voteDistribution": {
        "YES": 1506,
        "NO": 146,
        "ABSTAIN": 239,
        "NO_WITH_VETO": 4,
        "NO_VOTE": 6298
      },
      "votingPowerDistribution": {
        "YES": 11.052731000000032,
        "NO": 0.8803949999999999,
        "ABSTAIN": 1.756219000000001,
        "NO_WITH_VETO": 0.019212999999999997,
        "NO_VOTE": 11.112009999999966
      }
    },
    "TextProposal": {
      "count": 26,
      "passCount": 22,
      "passRate": 84.61538461538461,
      "voteDistribution": {
        "YES": 349,
        "NO": 55,
        "ABSTAIN": 81,
        "NO_WITH_VETO": 34,
        "NO_VOTE": 2153
      },
      "votingPowerDistribution": {
        "YES": 2.9089139999999993,
        "NO": 0.15705900000000003,
        "ABSTAIN": 0.758832,
        "NO_WITH_VETO": 0.264926,
        "NO_VOTE": 3.929583000000003
      }
    },
    "Unknown": {
      "count": 35,
      "passCount": 25,
      "passRate": 71.42857142857143,
      "voteDistribution": {
        "YES": 854,
        "NO": 103,
        "ABSTAIN": 191,
        "NO_WITH_VETO": 28,
        "NO_VOTE": 2273
      },
      "votingPowerDistribution": {
        "YES": 7.481684999999992,
        "NO": 0.7012289999999998,
        "ABSTAIN": 1.2945940000000002,
        "NO_WITH_VETO": 0.250751,
        "NO_VOTE": 3.0526519999999993
      }
    },
    "CommunityPoolSpend": {
      "count": 41,
      "passCount": 36,
      "passRate": 87.8048780487805,
      "voteDistribution": {
        "YES": 1383,
        "NO": 102,
        "ABSTAIN": 204,
        "NO_WITH_VETO": 0,
        "NO_VOTE": 3063
      },
      "votingPowerDistribution": {
        "YES": 11.258218000000033,
        "NO": 0.5182630000000004,
        "ABSTAIN": 1.574410999999999,
        "NO_WITH_VETO": 0,
        "NO_VOTE": 3.8095090000000087
      }
    },
    "SoftwareUpgrade": {
      "count": 10,
      "passCount": 7,
      "passRate": 70,
      "voteDistribution": {
        "YES": 385,
        "NO": 188,
        "ABSTAIN": 3,
        "NO_WITH_VETO": 0,
        "NO_VOTE": 711
      },
      "votingPowerDistribution": {
        "YES": 2.8083809999999994,
        "NO": 1.6733199999999993,
        "ABSTAIN": 0.051791000000000004,
        "NO_WITH_VETO": 0,
        "NO_VOTE": 0.8377050000000007
      }
    },
    "IBCRelated": {
      "count": 3,
      "passCount": 2,
      "passRate": 66.66666666666666,
      "voteDistribution": {
        "YES": 118,
        "NO": 1,
        "ABSTAIN": 13,
        "NO_WITH_VETO": 0,
        "NO_VOTE": 166
      },
      "votingPowerDistribution": {
        "YES": 0.9047169999999999,
        "NO": 0.000268,
        "ABSTAIN": 0.08269199999999999,
        "NO_WITH_VETO": 0,
        "NO_VOTE": 0.11299800000000003
      }
    }
  },
  "topics": {
    "Fee Adjustment": {
      "count": 14,
      "passCount": 13,
      "passRate": 92.85714285714286,
      "category": "ParameterChange",
      "voteDistribution": {
        "YES": 216,
        "NO": 10,
        "ABSTAIN": 22,
        "NO_WITH_VETO": 2,
        "NO_VOTE": 1433
      },
      "votingPowerDistribution": {
        "YES": 1.4817259999999985,
        "NO": 0.026902,
        "ABSTAIN": 0.14899400000000002,
        "NO_WITH_VETO": 0.01257,
        "NO_VOTE": 2.818847000000003
      }
    },
    "Governance Process": {
      "count": 24,
      "passCount": 20,
      "passRate": 83.33333333333334,
      "category": "TextProposal",
      "voteDistribution": {
        "YES": 349,
        "NO": 55,
        "ABSTAIN": 81,
        "NO_WITH_VETO": 34,
        "NO_VOTE": 1955
      },
      "votingPowerDistribution": {
        "YES": 2.9089139999999993,
        "NO": 0.15705900000000003,
        "ABSTAIN": 0.758832,
        "NO_WITH_VETO": 0.264926,
        "NO_VOTE": 3.467091000000002
      }
    },
    "Protocol Configuration": {
      "count": 17,
      "passCount": 16,
      "passRate": 94.11764705882352,
      "category": "ParameterChange",
      "voteDistribution": {
        "YES": 192,
        "NO": 8,
        "ABSTAIN": 15,
        "NO_WITH_VETO": 0,
        "NO_VOTE": 1666
      },
      "votingPowerDistribution": {
        "YES": 1.520841999999999,
        "NO": 0.027593,
        "ABSTAIN": 0.091252,
        "NO_WITH_VETO": 0,
        "NO_VOTE": 3.4420659999999987
      }
    },
    "Unknown": {
      "count": 21,
      "passCount": 12,
      "passRate": 57.14285714285714,
      "category": "Unknown",
      "voteDistribution": {
        "YES": 458,
        "NO": 99,
        "ABSTAIN": 69,
        "NO_WITH_VETO": 2,
        "NO_VOTE": 1451
      },
      "votingPowerDistribution": {
        "YES": 3.2361000000000026,
        "NO": 0.6967379999999997,
        "ABSTAIN": 0.532504,
        "NO_WITH_VETO": 0.002732,
        "NO_VOTE": 2.2508280000000007
      }
    },
    "Project Funding": {
      "count": 1,
      "passCount": 1,
      "passRate": 100,
      "category": "TextProposal",
      "voteDistribution": {
        "YES": 0,
        "NO": 0,
        "ABSTAIN": 0,
        "NO_WITH_VETO": 0,
        "NO_VOTE": 99
      },
      "votingPowerDistribution": {
        "YES": 0,
        "NO": 0,
        "ABSTAIN": 0,
        "NO_WITH_VETO": 0,
        "NO_VOTE": 0.23124599999999998
      }
    },
    "Economic Parameters": {
      "count": 40,
      "passCount": 38,
      "passRate": 95,
      "category": "ParameterChange",
      "voteDistribution": {
        "YES": 1026,
        "NO": 125,
        "ABSTAIN": 193,
        "NO_WITH_VETO": 1,
        "NO_VOTE": 3086
      },
      "votingPowerDistribution": {
        "YES": 7.513815999999997,
        "NO": 0.8192639999999999,
        "ABSTAIN": 1.3410640000000005,
        "NO_WITH_VETO": 0.006285,
        "NO_VOTE": 4.770631999999987
      }
    },
    "Community Support": {
      "count": 38,
      "passCount": 35,
      "passRate": 92.10526315789474,
      "category": "CommunityPoolSpend",
      "voteDistribution": {
        "YES": 1294,
        "NO": 78,
        "ABSTAIN": 176,
        "NO_WITH_VETO": 0,
        "NO_VOTE": 2907
      },
      "votingPowerDistribution": {
        "YES": 10.37544600000003,
        "NO": 0.41633100000000023,
        "ABSTAIN": 1.3691889999999995,
        "NO_WITH_VETO": 0,
        "NO_VOTE": 3.700733000000009
      }
    },
    "Community Decision": {
      "count": 1,
      "passCount": 1,
      "passRate": 100,
      "category": "TextProposal",
      "voteDistribution": {
        "YES": 0,
        "NO": 0,
        "ABSTAIN": 0,
        "NO_WITH_VETO": 0,
        "NO_VOTE": 99
      },
      "votingPowerDistribution": {
        "YES": 0,
        "NO": 0,
        "ABSTAIN": 0,
        "NO_WITH_VETO": 0,
        "NO_VOTE": 0.23124599999999998
      }
    },
    "Feature Addition": {
      "count": 10,
      "passCount": 7,
      "passRate": 70,
      "category": "SoftwareUpgrade",
      "voteDistribution": {
        "YES": 385,
        "NO": 188,
        "ABSTAIN": 3,
        "NO_WITH_VETO": 0,
        "NO_VOTE": 711
      },
      "votingPowerDistribution": {
        "YES": 2.8083809999999994,
        "NO": 1.6733199999999993,
        "ABSTAIN": 0.051791000000000004,
        "NO_WITH_VETO": 0,
        "NO_VOTE": 0.8377050000000007
      }
    },
    "Staking Parameters": {
      "count": 2,
      "passCount": 2,
      "passRate": 100,
      "category": "ParameterChange",
      "voteDistribution": {
        "YES": 72,
        "NO": 3,
        "ABSTAIN": 9,
        "NO_WITH_VETO": 1,
        "NO_VOTE": 113
      },
      "votingPowerDistribution": {
        "YES": 0.5363470000000001,
        "NO": 0.0066359999999999995,
        "ABSTAIN": 0.17490900000000004,
        "NO_WITH_VETO": 0.000358,
        "NO_VOTE": 0.08046500000000001
      }
    },
    "Ecosystem Growth": {
      "count": 3,
      "passCount": 1,
      "passRate": 33.33333333333333,
      "category": "CommunityPoolSpend",
      "voteDistribution": {
        "YES": 89,