{
  "categories": {
    "TextProposal": {
      "count": 252,
      "passCount": 212,
      "passRate": 84.12698412698413,
      "voteDistribution": {
        "YES": 13092,
        "NO": 2069,
        "ABSTAIN": 3473,
        "NO_WITH_VETO": 1084,
        "NO_VOTE": 19131
      },
      "votingPowerDistribution": {
        "YES": 76.22869499999968,
        "NO": 10.845091000000007,
        "ABSTAIN": 19.859287000000148,
        "NO_WITH_VETO": 6.406452000000021,
        "NO_VOTE": 35.190980000000465
      }
    },
    "PoolIncentives": {
      "count": 183,
      "passCount": 177,
      "passRate": 96.72131147540983,
      "voteDistribution": {
        "YES": 13340,
        "NO": 347,
        "ABSTAIN": 1246,
        "NO_WITH_VETO": 16,
        "NO_VOTE": 12650
      },
      "votingPowerDistribution": {
        "YES": 75.73634699999953,
        "NO": 1.9533460000000005,
        "ABSTAIN": 8.535514000000012,
        "NO_WITH_VETO": 0.069271,
        "NO_VOTE": 21.79661900000001
      }
    },
    "ParameterChange": {
      "count": 96,
      "passCount": 90,
      "passRate": 93.75,
      "voteDistribution": {
        "YES": 6970,
        "NO": 528,
        "ABSTAIN": 886,
        "NO_WITH_VETO": 16,
        "NO_VOTE": 6149
      },
      "votingPowerDistribution": {
        "YES": 41.162638999999864,
        "NO": 2.8725359999999953,
        "ABSTAIN": 4.995717000000002,
        "NO_WITH_VETO": 0.085408,
        "NO_VOTE": 9.50591000000009
      }
    },
    "CommunityPoolSpend": {
      "count": 61,
      "passCount": 49,
      "passRate": 80.32786885245902,
      "voteDistribution": {
        "YES": 3441,
        "NO": 484,
        "ABSTAIN": 1052,
        "NO_WITH_VETO": 81,
        "NO_VOTE": 4390
      },
      "votingPowerDistribution": {
        "YES": 20.330719999999975,
        "NO": 2.754528999999998,
        "ABSTAIN": 6.508005999999999,
        "NO_WITH_VETO": 0.5221460000000001,
        "NO_VOTE": 7.36572500000009
      }
    },
    "SoftwareUpgrade": {
      "count": 21,
      "passCount": 20,
      "passRate": 95.23809523809523,
      "voteDistribution": {
        "YES": 1890,
        "NO": 39,
        "ABSTAIN": 18,
        "NO_WITH_VETO": 50,
        "NO_VOTE": 1153
      },
      "votingPowerDistribution": {
        "YES": 10.78283400000002,
        "NO": 0.231676,
        "ABSTAIN": 0.15755,
        "NO_WITH_VETO": 0.3068059999999999,
        "NO_VOTE": 1.483425999999998
      }
    },
    "IBCRelated": {
      "count": 21,
      "passCount": 20,
      "passRate": 95.23809523809523,
      "voteDistribution": {
        "YES": 1774,
        "NO": 41,
        "ABSTAIN": 180,
        "NO_WITH_VETO": 1,
        "NO_VOTE": 1603
      },
      "votingPowerDistribution": {
        "YES": 9.936736000000021,
        "NO": 0.212732,
        "ABSTAIN": 1.2397040000000008,
        "NO_WITH_VETO": 0.000847,
        "NO_VOTE": 2.715314999999998
      }
    },
    "Unknown": {
      "count": 35,
      "passCount": 31,
      "passRate": 88.57142857142857,
      "voteDistribution": {
        "YES": 2243,
        "NO": 175,
        "ABSTAIN": 445,
        "NO_WITH_VETO": 161,
        "NO_VOTE": 2226
      },
      "votingPowerDistribution": {
        "YES": 13.337702000000014,
        "NO": 0.9371750000000004,
        "ABSTAIN": 2.5567539999999997,
        "NO_WITH_VETO": 1.0075119999999997,
        "NO_VOTE": 3.5160119999999977
      }
    },
    "ChainSpecific": {
      "count": 43,
      "passCount": 43,
      "passRate": 100,
      "voteDistribution": {
        "YES": 3597,
        "NO": 124,
        "ABSTAIN": 336,
        "NO_WITH_VETO": 0,
        "NO_VOTE": 2542
      },
      "votingPowerDistribution": {
        "YES": 20.906311000000027,
        "NO": 0.6443599999999998,
        "ABSTAIN": 2.129280000000001,
        "NO_WITH_VETO": 0,
        "NO_VOTE": 3.6569780000000036
      }
    },
    "SmartContract": {
      "count": 73,
      "passCount": 67,
      "passRate": 91.78082191780823,
      "voteDistribution": {
        "YES": 5619,
        "NO": 448,
        "ABSTAIN": 594,
        "NO_WITH_VETO": 9,
        "NO_VOTE": 4730
      },
      "votingPowerDistribution": {
        "YES": 33.29177200000012,
        "NO": 2.8797110000000004,
        "ABSTAIN": 2.9156130000000005,
        "NO_WITH_VETO": 0.037496,
        "NO_VOTE": 6.940788000000062
      }
    },
    "TokenRelated": {
      "count": 6,
      "passCount": 6,
      "passRate": 100,
      "voteDistribution": {
        "YES": 579,
        "NO": 0,
        "ABSTAIN": 14,
        "NO_WITH_VETO": 0,
        "NO_VOTE": 307
      },
      "votingPowerDistribution": {
        "YES": 3.617319999999996,
        "NO": 0,
        "ABSTAIN": 0.053012000000000004,
        "NO_WITH_VETO": 0,
        "NO_VOTE": 0.33524699999999996
      }
    }
  },
  "topics": {
    "Governance Process": {
      "count": 189,
      "passCount": 156,
      "passRate": 82.53968253968253,
      "category": "TextProposal",
      "voteDistribution": {
        "YES": 10242,
        "NO": 1595,
        "ABSTAIN": 2625,
        "NO_WITH_VETO": 1071,
        "NO_VOTE": 13566
      },
      "votingPowerDistribution": {
        "YES": 59.45813499999962,
        "NO": 8.30758200000004,
        "ABSTAIN": 15.06465400000001,
        "NO_WITH_VETO": 6.370500000000021,
        "NO_VOTE": 23.778307000000073
      }
    },
    "Liquidity Mining": {
      "count": 17,
      "passCount": 16,
      "passRate": 94.11764705882352,
      "category": "PoolIncentives",
      "voteDistribution": {
        "YES": 1202,
        "NO": 54,
        "ABSTAIN": 186,
        "NO_WITH_VETO": 8,
        "NO_VOTE": 1100
      },
      "votingPowerDistribution": {
        "YES": 7.039788000000032,
        "NO": 0.271498,
        "ABSTAIN": 1.0447960000000007,
        "NO_WITH_VETO": 0.036453,
        "NO_VOTE": 1.8121119999999955
      }
    },
    "Project Funding": {
      "count": 3,
      "passCount": 3,
      "passRate": 100,
      "category": "TextProposal",
      "voteDistribution": {
        "YES": 90,
        "NO": 12,
        "ABSTAIN": 29,
        "NO_WITH_VETO": 3,
        "NO_VOTE": 316
      },
      "votingPowerDistribution": {
        "YES": 0.4653699999999999,
        "NO": 0.038053,
        "ABSTAIN": 0.195834,
        "NO_WITH_VETO": 0.010605,
        "NO_VOTE": 0.6891479999999998
      }
    },
    "Fee Adjustment": {
      "count": 14,
      "passCount": 12,
      "passRate": 85.71428571428571,
      "category": "ParameterChange",
      "voteDistribution": {
        "YES": 893,
        "NO": 226,
        "ABSTAIN": 66,
        "NO_WITH_VETO": 5,
        "NO_VOTE": 1060
      },
      "votingPowerDistribution": {
        "YES": 5.2308990000000115,
        "NO": 1.2196079999999996,
        "ABSTAIN": 0.25182499999999997,
        "NO_WITH_VETO": 0.021577000000000002,
        "NO_VOTE": 1.8233529999999962
      }
    },
    "Community Support": {
      "count": 57,
      "passCount": 47,
      "passRate": 82.45614035087719,
      "category": "CommunityPoolSpend",
      "voteDistribution": {
        "YES": 3256,
        "NO": 430,
        "ABSTAIN": 972,
        "NO_WITH_VETO": 80,
        "NO_VOTE": 4111
      },
      "votingPowerDistribution": {
        "YES": 19.39470999999996,
        "NO": 2.3941879999999984,
        "ABSTAIN": 6.016162999999998,
        "NO_WITH_VETO": 0.48886800000000014,
        "NO_VOTE": 6.902407000000079
      }
    },
    "Reward Adjustment": {
      "count": 131,
      "passCount": 127,
      "passRate": 96.94656488549617,
      "category": "PoolIncentives",
      "voteDistribution": {
        "YES": 9232,
        "NO": 230,
        "ABSTAIN": 816,
        "NO_WITH_VETO": 5,
        "NO_VOTE": 9516
      },
      "votingPowerDistribution": {
        "YES": 51.8302869999997,
        "NO": 1.2461560000000016,
        "ABSTAIN": 6.153797000000011,
        "NO_WITH_VETO": 0.011536000000000001,
        "NO_VOTE": 17.063073999999787
      }
    },
    "Protocol Configuration": {
      "count": 66,