{
  "categories": {
    "TextProposal": {
      "count": 55,
      "passCount": 28,
      "passRate": 50.90909090909091,
      "voteDistribution": {
        "YES": 685,
        "NO": 157,
        "ABSTAIN": 169,
        "NO_WITH_VETO": 822,
        "NO_VOTE": 3258
      },
      "votingPowerDistribution": {
        "YES": 9.167682000000008,
        "NO": 1.7426689999999987,
        "ABSTAIN": 1.9369140000000007,
        "NO_WITH_VETO": 10.705126999999969,
        "NO_VOTE": 21.111217000000078
      }
    },
    "ParameterChange": {
      "count": 30,
      "passCount": 27,
      "passRate": 90,
      "voteDistribution": {
        "YES": 659,
        "NO": 43,
        "ABSTAIN": 54,
        "NO_WITH_VETO": 2,
        "NO_VOTE": 1517
      },
      "votingPowerDistribution": {
        "YES": 9.189357999999997,
        "NO": 0.4230669999999999,
        "ABSTAIN": 0.6432119999999998,
        "NO_WITH_VETO": 0.086342,
        "NO_VOTE": 10.222124000000003
      }
    },
    "CommunityPoolSpend": {
      "count": 108,
      "passCount": 96,
      "passRate": 88.88888888888889,
      "voteDistribution": {
        "YES": 2221,
        "NO": 333,
        "ABSTAIN": 693,
        "NO_WITH_VETO": 9,
        "NO_VOTE": 5389
      },
      "votingPowerDistribution": {
        "YES": 30.419255000000064,
        "NO": 5.105249999999996,
        "ABSTAIN": 8.628954999999985,
        "NO_WITH_VETO": 0.079645,
        "NO_VOTE": 32.68790200000025
      }
    },
    "Unknown": {
      "count": 19,
      "passCount": 7,
      "passRate": 36.84210526315789,
      "voteDistribution": {
        "YES": 185,
        "NO": 19,
        "ABSTAIN": 30,
        "NO_WITH_VETO": 287,
        "NO_VOTE": 916
      },
      "votingPowerDistribution": {
        "YES": 2.5903209999999994,
        "NO": 0.16578800000000002,
        "ABSTAIN": 0.44276699999999997,
        "NO_WITH_VETO": 3.6048510000000022,
        "NO_VOTE": 5.745862999999993
      }
    },
    "SoftwareUpgrade": {
      "count": 13,
      "passCount": 11,
      "passRate": 84.61538461538461,
      "voteDistribution": {
        "YES": 510,
        "NO": 118,
        "ABSTAIN": 3,
        "NO_WITH_VETO": 4,
        "NO_VOTE": 426
      },
      "votingPowerDistribution": {
        "YES": 7.003591999999998,
        "NO": 1.6294670000000002,
        "ABSTAIN": 0.036021,
        "NO_WITH_VETO": 0.06713899999999999,
        "NO_VOTE": 1.6266789999999984
      }
    },
    "IBCRelated": {
      "count": 4,
      "passCount": 4,
      "passRate": 100,
      "voteDistribution": {
        "YES": 144,
        "NO": 0,
        "ABSTAIN": 2,
        "NO_WITH_VETO": 0,
        "NO_VOTE": 156
      },
      "votingPowerDistribution": {
        "YES": 2.0128380000000003,
        "NO": 0,
        "ABSTAIN": 0.023559,
        "NO_WITH_VETO": 0,
        "NO_VOTE": 0.7064460000000001
      }
    }
  },
  "topics": {
    "Project Funding": {
      "count": 16,
      "passCount": 11,
      "passRate": 68.75,
      "category": "TextProposal",
      "voteDistribution": {
        "YES": 276,
        "NO": 58,
        "ABSTAIN": 105,
        "NO_WITH_VETO": 39,
        "NO_VOTE": 738
      },
      "votingPowerDistribution": {
        "YES": 3.6238340000000027,
        "NO": 0.5594449999999999,
        "ABSTAIN": 1.225196,
        "NO_WITH_VETO": 0.550559,
        "NO_VOTE": 4.777349
      }
    },
    "Protocol Configuration": {
      "count": 11,
      "passCount": 10,
      "passRate": 90.9090909090909,
      "category": "ParameterChange",
      "voteDistribution": {
        "YES": 170,
        "NO": 4,
        "ABSTAIN": 18,
        "NO_WITH_VETO": 0,
        "NO_VOTE": 639
      },
      "votingPowerDistribution": {
        "YES": 2.278951,
        "NO": 0.016834000000000002,
        "ABSTAIN": 0.341551,
        "NO_WITH_VETO": 0,
        "NO_VOTE": 4.63033
      }
    },
    "Governance Process": {
      "count": 30,
      "passCount": 9,
      "passRate": 30,
      "category": "TextProposal",
      "voteDistribution": {
        "YES": 214,
        "NO": 80,
        "ABSTAIN": 34,
        "NO_WITH_VETO": 782,
        "NO_VOTE": 2081
      },
      "votingPowerDistribution": {
        "YES": 2.9678180000000003,
        "NO": 0.731465,
        "ABSTAIN": 0.4916539999999998,
        "NO_WITH_VETO": 10.134662999999973,
        "NO_VOTE": 13.333438000000033
      }
    },
    "Fee Adjustment": {
      "count": 9,
      "passCount": 9,
      "passRate": 100,
      "category": "ParameterChange",
      "voteDistribution": {
        "YES": 246,
        "NO": 0,
        "ABSTAIN": 9,
        "NO_WITH_VETO": 0,
        "NO_VOTE": 429
      },
      "votingPowerDistribution": {
        "YES": 3.5013740000000007,
        "NO": 0,
        "ABSTAIN": 0.036688,
        "NO_WITH_VETO": 0,
        "NO_VOTE": 2.7971309999999976
      }
    },
    "Community Support": {
      "count": 101,
      "passCount": 90,
      "passRate": 89.10891089108911,
      "category": "CommunityPoolSpend",
      "voteDistribution": {
        "YES": 2078,
        "NO": 308,
        "ABSTAIN": 637,
        "NO_WITH_VETO": 4,
        "NO_VOTE": 5086
      },
      "votingPowerDistribution": {
        "YES": 28.507595000000048,
        "NO": 4.653050999999996,
        "ABSTAIN": 8.06083499999999,
        "NO_WITH_VETO": 0.037624,
        "NO_VOTE": 30.864173000000182
      }
    },
    "Network Policy": {
      "count": 4,
      "passCount": 4,
      "passRate": 100,
      "category": "TextProposal",
      "voteDistribution": {
        "YES": 88,
        "NO": 7,
        "ABSTAIN": 14,
        "NO_WITH_VETO": 1,
        "NO_VOTE": 194
      },
      "votingPowerDistribution": {
        "YES": 1.2398290000000007,
        "NO": 0.13002,
        "ABSTAIN": 0.08582499999999998,
        "NO_WITH_VETO": 0.019905,
        "NO_VOTE": 1.2427879999999993
      }
    },
    "Staking Parameters": {
      "count": 7,
      "passCount": 5,
      "passRate": 71.42857142857143,
      "category": "ParameterChange",
      "voteDistribution": {
        "YES": 158,
        "NO": 39,
        "ABSTAIN": 17,
        "NO_WITH_VETO": 2,
        "NO_VOTE": 316
      },
      "votingPowerDistribution": {
        "YES": 2.346030000000001,
        "NO": 0.40623299999999996,
        "ABSTAIN": 0.114881,
        "NO_WITH_VETO": 0.086342,
        "NO_VOTE": 1.9694169999999989
      }
    },
    "Infrastructure": {
      "count": 2,
      "passCount": 1,
      "passRate": 50,
      "category": "CommunityPoolSpend",
      "voteDistribution": {
        "YES": 5,
        "NO": 11,
        "ABSTAIN": 12,
        "NO_WITH_VETO": 5,
        "NO_VOTE": 119
      },
      "votingPowerDistribution": {
        "YES": 0.122184,
        "NO": 0.22617699999999996,
        "ABSTAIN": 0.086396,
        "NO_WITH_VETO": 0.042020999999999996,
        "NO_VOTE": 0.827701
      }
    },
    "Economic Parameters": {
      "count": 2,
      "passCount": 2,
      "passRate": 100,
      "category": "ParameterChange",
      "voteDistribution": {
        "YES": 42,
        "NO": 0,
        "ABSTAIN": 4,
        "NO_WITH_VETO": 0,
        "NO_VOTE": 106
      },
      "votingPowerDistribution": {
        "YES": 0.532748,
        "NO": 0,
        "ABSTAIN": 0.12287299999999998,
        "NO_WITH_VETO": 0,
        "NO_VOTE": 0.7290409999999999
      }
    },
    "Community Decision": {
      "count": 5,
      "passCount": 4,
      "passRate": 80,
      "category": "TextProposal",
      "voteDistribution": {
        "YES": 107,
        "NO": 12,
        "ABSTAIN": 16,
        "NO_WITH_VETO": 0,
        "NO_VOTE": 245
      },
      "votingPowerDistribution": {
        "YES": 1.3362010000000002,
        "NO": 0.321739,
        "ABSTAIN": 0.134239,
        "NO_WITH_VETO": 0,
        "NO_VOTE": 1.7576419999999995
      }
    },
    "Unknown": {
      "count": 19,
      "passCount": 7,
      "passRate": 36.84210526315789,
      "category": "Unknown",
      "voteDistribution": {
        "YES": 185,
        "NO": 19,
        "ABSTAIN": 30,