{
  "categories": {
    "ParameterChange": {
      "count": 18,
      "passCount": 16,
      "passRate": 88.88888888888889,
      "voteDistribution": {
        "YES": 683,
        "NO": 83,
        "ABSTAIN": 56,
        "NO_WITH_VETO": 3,
        "NO_VOTE": 695
      },
      "votingPowerDistribution": {
        "YES": 9.001463000000003,
        "NO": 1.2658179999999997,
        "ABSTAIN": 0.7290099999999999,
        "NO_WITH_VETO": 0.039485,
        "NO_VOTE": 2.056508
      }
    },
    "TextProposal": {
      "count": 10,
      "passCount": 8,
      "passRate": 80,
      "voteDistribution": {
        "YES": 269,
        "NO": 104,
        "ABSTAIN": 39,
        "NO_WITH_VETO": 10,
        "NO_VOTE": 378
      },
      "votingPowerDistribution": {
        "YES": 2.8596349999999995,
        "NO": 1.4496650000000002,
        "ABSTAIN": 0.4250709999999999,
        "NO_WITH_VETO": 0.039138,
        "NO_VOTE": 1.6489300000000002
      }
    },
    "SoftwareUpgrade": {
      "count": 5,
      "passCount": 5,
      "passRate": 100,
      "voteDistribution": {
        "YES": 236,
        "NO": 0,
        "ABSTAIN": 3,
        "NO_WITH_VETO": 0,
        "NO_VOTE": 161
      },
      "votingPowerDistribution": {
        "YES": 2.446819,
        "NO": 0,
        "ABSTAIN": 0.044259,
        "NO_WITH_VETO": 0,
        "NO_VOTE": 0.519956
      }
    },
    "Unknown": {
      "count": 3,
      "passCount": 3,
      "passRate": 100,
      "voteDistribution": {
        "YES": 127,
        "NO": 0,
        "ABSTAIN": 4,
        "NO_WITH_VETO": 0,
        "NO_VOTE": 108
      },
      "votingPowerDistribution": {
        "YES": 1.5640650000000007,
        "NO": 0,
        "ABSTAIN": 0.018603,
        "NO_WITH_VETO": 0,
        "NO_VOTE": 0.5040729999999997
      }
    },
    "CommunityPoolSpend": {
      "count": 7,
      "passCount": 5,
      "passRate": 71.42857142857143,
      "voteDistribution": {
        "YES": 262,
        "NO": 126,
        "ABSTAIN": 58,
        "NO_WITH_VETO": 2,
        "NO_VOTE": 272
      },
      "votingPowerDistribution": {
        "YES": 3.3050369999999982,
        "NO": 1.6281679999999998,
        "ABSTAIN": 1.0325440000000001,
        "NO_WITH_VETO": 0.00009,
        "NO_VOTE": 0.6155229999999998
      }
    },
    "IBCRelated": {
      "count": 3,
      "passCount": 3,
      "passRate": 100,
      "voteDistribution": {
        "YES": 126,
        "NO": 0,
        "ABSTAIN": 0,
        "NO_WITH_VETO": 0,
        "NO_VOTE": 114
      },
      "votingPowerDistribution": {
        "YES": 1.7877990000000006,
        "NO": 0,
        "ABSTAIN": 0,
        "NO_WITH_VETO": 0,
        "NO_VOTE": 0.3146920000000001
      }
    }
  },
  "topics": {
    "Staking Parameters": {
      "count": 1,
      "passCount": 1,
      "passRate": 100,
      "category": "ParameterChange",
      "voteDistribution": {
        "YES": 0,
        "NO": 0,
        "ABSTAIN": 0,
        "NO_WITH_VETO": 0,
        "NO_VOTE": 160
      },
      "votingPowerDistribution": {
        "YES": 0,
        "NO": 0,
        "ABSTAIN": 0,
        "NO_WITH_VETO": 0,
        "NO_VOTE": 0.9244620000000001
      }
    },
    "Governance Process": {
      "count": 9,
      "passCount": 7,
      "passRate": 77.77777777777779,
      "category": "TextProposal",
      "voteDistribution": {
        "YES": 217,
        "NO": 104,
        "ABSTAIN": 39,
        "NO_WITH_VETO": 10,
        "NO_VOTE": 350
      },
      "votingPowerDistribution": {
        "YES": 2.251796,
        "NO": 1.4496650000000002,
        "ABSTAIN": 0.4250709999999999,
        "NO_WITH_VETO": 0.039138,
        "NO_VOTE": 1.572424
      }
    },
    "Major Release": {
      "count": 5,
      "passCount": 5,
      "passRate": 100,
      "category": "SoftwareUpgrade",
      "voteDistribution": {
        "YES": 236,
        "NO": 0,
        "ABSTAIN": 3,
        "NO_WITH_VETO": 0,
        "NO_VOTE": 161
      },
      "votingPowerDistribution": {
        "YES": 2.446819,
        "NO": 0,
        "ABSTAIN": 0.044259,
        "NO_WITH_VETO": 0,
        "NO_VOTE": 0.519956
      }
    },
    "Unknown": {
      "count": 3,
      "passCount": 3,
      "passRate": 100,
      "category": "Unknown",
      "voteDistribution": {
        "YES": 127,
        "NO": 0,
        "ABSTAIN": 4,
        "NO_WITH_VETO": 0,
        "NO_VOTE": 108
      },
      "votingPowerDistribution": {
        "YES": 1.5640650000000007,
        "NO": 0,
        "ABSTAIN": 0.018603,
        "NO_WITH_VETO": 0,
        "NO_VOTE": 0.5040729999999997
      }
    },
    "Economic Parameters": {
      "count": 2,
      "passCount": 1,
      "passRate": 50,
      "category": "ParameterChange",
      "voteDistribution": {
        "YES": 51,
        "NO": 33,
        "ABSTAIN": 22,
        "NO_WITH_VETO": 1,
        "NO_VOTE": 53
      },
      "votingPowerDistribution": {
        "YES": 0.439546,
        "NO": 0.6029479999999999,
        "ABSTAIN": 0.32172999999999996,
        "NO_WITH_VETO": 0.011427,
        "NO_VOTE": 0.074421
      }
    },
    "Community Decision": {
      "count": 1,
      "passCount": 1,
      "passRate": 100,
      "category": "TextProposal",
      "voteDistribution": {
        "YES": 52,
        "NO": 0,
        "ABSTAIN": 0,
        "NO_WITH_VETO": 0,
        "NO_VOTE": 28
      },
      "votingPowerDistribution": {
        "YES": 0.6078390000000002,
        "NO": 0,
        "ABSTAIN": 0,
        "NO_WITH_VETO": 0,
        "NO_VOTE": 0.07650600000000002
      }
    },
    "Fee Adjustment": {
      "count": 13,
      "passCount": 12,
      "passRate": 92.3076923076923,
      "category": "ParameterChange",
      "voteDistribution": {
        "YES": 547,
        "NO": 43,
        "ABSTAIN": 23,
        "NO_WITH_VETO": 2,
        "NO_VOTE": 425
      },
      "votingPowerDistribution": {
        "YES": 7.494999000000002,
        "NO": 0.5941450000000001,
        "ABSTAIN": 0.20493299999999995,
        "NO_WITH_VETO": 0.028058,
        "NO_VOTE": 0.942487
      }
    },
    "Community Support": {
      "count": 2,
      "passCount": 1,
      "passRate": 50,
      "category": "CommunityPoolSpend",
      "voteDistribution": {
        "YES": 50,
        "NO": 28,
        "ABSTAIN": 23,
        "NO_WITH_VETO": 0,
        "NO_VOTE": 59
      },
      "votingPowerDistribution": {
        "YES": 0.5332360000000002,
        "NO": 0.4418460000000001,
        "ABSTAIN": 0.363338,
        "NO_WITH_VETO": 0,
        "NO_VOTE": 0.08741299999999999
      }
    },
    "Ecosystem Growth": {
      "count": 5,
      "passCount": 4,
      "passRate": 80,
      "category": "CommunityPoolSpend",
      "voteDistribution": {
        "YES": 212,
        "NO": 98,
        "ABSTAIN": 35,
        "NO_WITH_VETO": 2,
        "NO_VOTE": 213
      },
      "votingPowerDistribution": {
        "YES": 2.771800999999999,
        "NO": 1.1863219999999999,
        "ABSTAIN": 0.669206,
        "NO_WITH_VETO": 0.00009,
        "NO_VOTE": 0.5281099999999997
      }
    },
    "Governance Settings": {
      "count": 2,
      "passCount": 2,
      "passRate": 100,
      "category": "ParameterChange",
      "voteDistribution": {
        "YES": 85,
        "NO": 7,
        "ABSTAIN": 11,
        "NO_WITH_VETO": 0,
        "NO_VOTE": 57
      },
      "votingPowerDistribution": {
        "YES": 1.0669180000000003,
        "NO": 0.06872500000000001,
        "ABSTAIN": 0.202347,
        "NO_WITH_VETO": 0,
        "NO_VOTE": 0.115138
      }
    },
    "Client Update": {
      "count": 3,
      "passCount": 3,
      "passRate": 100,
      "category": "IBCRelated",
      "voteDistribution": {
        "YES": 126,
        "NO": 0,
        "ABSTAIN": 0,
        "NO_WITH_VETO": 0,
        "NO_VOTE": 114
      },
      "votingPowerDistribution": {
        "YES": 1.7877990000000006,
        "NO": 0,
        "ABSTAIN": 0,
        "NO_WITH_VETO": 0,
        "NO_VOTE": 0.3146920000000001
      }
    }
  }
}