{
  "categories": {
    "TextProposal": {
      "count": 34,
      "passCount": 6,
      "passRate": 17.647058823529413,
      "voteDistribution": {
        "YES": 384,
        "NO": 260,
        "ABSTAIN": 247,
        "NO_WITH_VETO": 1470,
        "NO_VOTE": 2319
      },
      "votingPowerDistribution": {
        "YES": 2.991600999999998,
        "NO": 2.024884999999998,
        "ABSTAIN": 1.9534080000000003,
        "NO_WITH_VETO": 12.237742,
        "NO_VOTE": 5.374606000000001
      }
    },
    "CommunityPoolSpend": {
      "count": 43,
      "passCount": 27,
      "passRate": 62.7906976744186,
      "voteDistribution": {
        "YES": 1480,
        "NO": 773,
        "ABSTAIN": 727,
        "NO_WITH_VETO": 22,
        "NO_VOTE": 2572
      },
      "votingPowerDistribution": {
        "YES": 12.443080000000023,
        "NO": 6.76963500000001,
        "ABSTAIN": 5.78416099999999,
        "NO_WITH_VETO": 0.163219,
        "NO_VOTE": 5.346488000000006
      }
    },
    "SoftwareUpgrade": {
      "count": 10,
      "passCount": 10,
      "passRate": 100,
      "voteDistribution": {
        "YES": 835,
        "NO": 1,
        "ABSTAIN": 5,
        "NO_WITH_VETO": 0,
        "NO_VOTE": 456
      },
      "votingPowerDistribution": {
        "YES": 6.858081,
        "NO": 0.007142,
        "ABSTAIN": 0.038394,
        "NO_WITH_VETO": 0,
        "NO_VOTE": 0.8298580000000002
      }
    },
    "Unknown": {
      "count": 13,
      "passCount": 6,
      "passRate": 46.15384615384615,
      "voteDistribution": {
        "YES": 370,
        "NO": 184,
        "ABSTAIN": 113,
        "NO_WITH_VETO": 222,
        "NO_VOTE": 794
      },
      "votingPowerDistribution": {
        "YES": 3.0741059999999973,
        "NO": 1.6326359999999995,
        "ABSTAIN": 0.9226229999999999,
        "NO_WITH_VETO": 1.811767999999999,
        "NO_VOTE": 1.5450629999999999
      }
    },
    "ParameterChange": {
      "count": 1,
      "passCount": 1,
      "passRate": 100,
      "voteDistribution": {
        "YES": 47,
        "NO": 8,
        "ABSTAIN": 3,
        "NO_WITH_VETO": 5,
        "NO_VOTE": 67
      },
      "votingPowerDistribution": {
        "YES": 0.3870409999999999,
        "NO": 0.07701799999999999,
        "ABSTAIN": 0.013735,
        "NO_WITH_VETO": 0.071415,
        "NO_VOTE": 0.16190600000000005
      }
    },
    "IBCRelated": {
      "count": 1,
      "passCount": 1,
      "passRate": 100,
      "voteDistribution": {
        "YES": 63,
        "NO": 1,
        "ABSTAIN": 3,
        "NO_WITH_VETO": 0,
        "NO_VOTE": 63
      },
      "votingPowerDistribution": {
        "YES": 0.540469,
        "NO": 0.007142,
        "ABSTAIN": 0.024358,
        "NO_WITH_VETO": 0,
        "NO_VOTE": 0.11461299999999999
      }
    },
    "SmartContract": {
      "count": 1,
      "passCount": 1,
      "passRate": 100,
      "voteDistribution": {
        "YES": 54,
        "NO": 1,
        "ABSTAIN": 9,
        "NO_WITH_VETO": 0,
        "NO_VOTE": 66
      },
      "votingPowerDistribution": {
        "YES": 0.5069459999999999,
        "NO": 0.007142,
        "ABSTAIN": 0.05813300000000001,
        "NO_WITH_VETO": 0,
        "NO_VOTE": 0.11348699999999999
      }
    }
  },
  "topics": {
    "Governance Process": {
      "count": 27,
      "passCount": 3,
      "passRate": 11.11111111111111,
      "category": "TextProposal",
      "voteDistribution": {
        "YES": 227,
        "NO": 195,
        "ABSTAIN": 175,
        "NO_WITH_VETO": 1306,
        "NO_VOTE": 1867
      },
      "votingPowerDistribution": {
        "YES": 1.6862780000000013,
        "NO": 1.5074329999999985,
        "ABSTAIN": 1.3703349999999992,
        "NO_WITH_VETO": 10.901210000000003,
        "NO_VOTE": 4.310993999999994
      }
    },
    "Project Funding": {
      "count": 7,
      "passCount": 3,
      "passRate": 42.857142857142854,
      "category": "TextProposal",
      "voteDistribution": {
        "YES": 157,
        "NO": 65,
        "ABSTAIN": 72,
        "NO_WITH_VETO": 164,
        "NO_VOTE": 452
      },
      "votingPowerDistribution": {
        "YES": 1.3053229999999985,
        "NO": 0.5174520000000001,
        "ABSTAIN": 0.5830730000000001,
        "NO_WITH_VETO": 1.336531999999999,
        "NO_VOTE": 1.063612
      }
    },
    "Community Support": {
      "count": 38,
      "passCount": 23,
      "passRate": 60.526315789473685,
      "category": "CommunityPoolSpend",
      "voteDistribution": {
        "YES": 1297,
        "NO": 738,
        "ABSTAIN": 608,
        "NO_WITH_VETO": 22,
        "NO_VOTE": 2262
      },
      "votingPowerDistribution": {
        "YES": 10.781147000000022,
        "NO": 6.464990000000009,
        "ABSTAIN": 4.880479999999995,
        "NO_WITH_VETO": 0.163219,
        "NO_VOTE": 4.726042000000001
      }
    },
    "Major Release": {
      "count": 9,
      "passCount": 9,
      "passRate": 100,
      "category": "SoftwareUpgrade",
      "voteDistribution": {
        "YES": 742,
        "NO": 1,
        "ABSTAIN": 5,
        "NO_WITH_VETO": 0,
        "NO_VOTE": 419
      },
      "votingPowerDistribution": {
        "YES": 6.067824999999999,
        "NO": 0.007142,
        "ABSTAIN": 0.038394,
        "NO_WITH_VETO": 0,
        "NO_VOTE": 0.783161
      }
    },
    "Unknown": {
      "count": 2,
      "passCount": 0,
      "passRate": 0,
      "category": "Unknown",
      "voteDistribution": {
        "YES": 0,
        "NO": 5,
        "ABSTAIN": 0,
        "NO_WITH_VETO": 113,
        "NO_VOTE": 142
      },
      "votingPowerDistribution": {
        "YES": 0,
        "NO": 0.03876,
        "ABSTAIN": 0,
        "NO_WITH_VETO": 0.9158879999999999,
        "NO_VOTE": 0.29965699999999995
      }
    },
    "Governance Settings": {
      "count": 1,
      "passCount": 1,
      "passRate": 100,
      "category": "ParameterChange",
      "voteDistribution": {
        "YES": 47,
        "NO": 8,
        "ABSTAIN": 3,
        "NO_WITH_VETO": 5,
        "NO_VOTE": 67
      },
      "votingPowerDistribution": {
        "YES": 0.3870409999999999,
        "NO": 0.07701799999999999,
        "ABSTAIN": 0.013735,
        "NO_WITH_VETO": 0.071415,
        "NO_VOTE": 0.16190600000000005
      }
    },
    "Ecosystem Growth": {
      "count": 4,
      "passCount": 4,
      "passRate": 100,
      "category": "CommunityPoolSpend",
      "voteDistribution": {
        "YES": 165,
        "NO": 16,
        "ABSTAIN": 90,
        "NO_WITH_VETO": 0,
        "NO_VOTE": 247
      },
      "votingPowerDistribution": {
        "YES": 1.5332759999999999,
        "NO": 0.108459,
        "ABSTAIN": 0.6847359999999998,
        "NO_WITH_VETO": 0,
        "NO_VOTE": 0.4917099999999997
      }
    },
    "IBC Security": {
      "count": 1,
      "passCount": 1,
      "passRate": 100,
      "category": "IBCRelated",
      "voteDistribution": {
        "YES": 63,
        "NO": 1,
        "ABSTAIN": 3,
        "NO_WITH_VETO": 0,
        "NO_VOTE": 63
      },
      "votingPowerDistribution": {
        "YES": 0.540469,
        "NO": 0.007142,
        "ABSTAIN": 0.024358,
        "NO_WITH_VETO": 0,
        "NO_VOTE": 0.11461299999999999
      }
    },
    "Development Fund": {
      "count": 1,
      "passCount": 0,
      "passRate": 0,
      "category": "CommunityPoolSpend",
      "voteDistribution": {
        "YES": 18,
        "NO": 19,
        "ABSTAIN": 29,
        "NO_WITH_VETO": 0,
        "NO_VOTE": 63
      },
      "votingPowerDistribution": {
        "YES": 0.128657,
        "NO": 0.19618600000000003,
        "ABSTAIN": 0.218945,
        "NO_WITH_VETO": 0,
        "NO_VOTE": 0.12873600000000002
      }
    },
    "Contract Integration": {
      "count": 1,
      "passCount": 1,
      "passRate": 100,
      "category": "SmartContract",
      "voteDistribution": {
        "YES": 54,
        "NO": 1,
        "ABSTAIN": 9,
        "NO_WITH_VETO": 0,
        "NO_VOTE": 66
      },
      "votingPowerDistribution": {
        "YES": 0.5069459999999999,