{
  "categories": {
    "SmartContract": {
      "count": 76,
      "passCount": 70,
      "voteDistribution": {
        "YES": 5674,
        "ABSTAIN": 636,
        "NO_VOTE": 4711,
        "NO": 366,
        "NO_WITH_VETO": 13
      },
      "votingPowerDistribution": {
        "YES": 33.78797800000018,
        "ABSTAIN": 3.096738000000001,
        "NO_VOTE": 6.876269000000084,
        "NO": 2.328424999999998,
        "NO_WITH_VETO": 0.040282
      },
      "passRate": 92.10526315789474
    },
    "IBCRelated": {
      "count": 24,
      "passCount": 22,
      "voteDistribution": {
        "YES": 1796,
        "ABSTAIN": 166,
        "NO_VOTE": 1564,
        "NO_WITH_VETO": 1,
        "NO": 72,
        "WEIGHTED_VOTE": 1
      },
      "votingPowerDistribution": {
        "YES": 10.106948000000008,
        "ABSTAIN": 1.084115,
        "NO_VOTE": 2.606865999999997,
        "NO_WITH_VETO": 0.000847,
        "NO": 0.44860700000000003,
        "WEIGHTED_VOTE": 0.009336
      },
      "passRate": 91.66666666666666
    },
    "CommunityPoolSpend": {
      "count": 63,
      "passCount": 51,
      "voteDistribution": {
        "YES": 3516,
        "ABSTAIN": 1027,
        "NO_VOTE": 4345,
        "NO": 480,
        "NO_WITH_VETO": 80,
        "WEIGHTED_VOTE": 2
      },
      "votingPowerDistribution": {
        "YES": 20.803932000000096,
        "ABSTAIN": 6.303493000000027,
        "NO_VOTE": 7.217919000000098,
        "NO": 2.7272809999999996,
        "NO_WITH_VETO": 0.5119739999999999,
        "WEIGHTED_VOTE": 0.018672
      },
      "passRate": 80.95238095238095
    },
    "ParameterChange": {
      "count": 97,
      "passCount": 90,
      "voteDistribution": {
        "YES": 7022,
        "ABSTAIN": 896,
        "NO": 466,
        "NO_VOTE": 6150,
        "WEIGHTED_VOTE": 1,
        "NO_WITH_VETO": 15
      },
      "votingPowerDistribution": {
        "YES": 41.38979400000018,
        "ABSTAIN": 5.038437000000003,
        "NO": 2.5826039999999955,
        "NO_VOTE": 9.525250000000078,
        "WEIGHTED_VOTE": 0.008004,
        "NO_WITH_VETO": 0.08540799999999998
      },
      "passRate": 92.78350515463917
    },
    "Unknown": {
      "count": 17,
      "passCount": 15,
      "voteDistribution": {
        "YES": 1156,
        "ABSTAIN": 168,
        "NO": 33,
        "NO_VOTE": 1044,
        "NO_WITH_VETO": 149
      },
      "votingPowerDistribution": {
        "YES": 6.9913390000000355,
        "ABSTAIN": 1.035296,
        "NO": 0.16610099999999997,
        "NO_VOTE": 1.4925519999999985,
        "NO_WITH_VETO": 0.980512
      },
      "passRate": 88.23529411764706
    },
    "PoolIncentives": {
      "count": 184,
      "passCount": 178,
      "voteDistribution": {
        "YES": 13395,
        "ABSTAIN": 1209,
        "NO_VOTE": 12648,
        "NO": 331,
        "NO_WITH_VETO": 16,
        "WEIGHTED_VOTE": 1
      },
      "votingPowerDistribution": {
        "YES": 76.03307199999941,
        "ABSTAIN": 8.37480100000005,
        "NO_VOTE": 21.756878999999962,
        "NO": 1.8525249999999989,
        "NO_WITH_VETO": 0.06927100000000001,
        "WEIGHTED_VOTE": 0.012018
      },
      "passRate": 96.73913043478261
    },
    "SoftwareUpgrade": {
      "count": 21,
      "passCount": 20,
      "voteDistribution": {
        "YES": 1890,
        "NO_VOTE": 1153,
        "NO_WITH_VETO": 50,
        "NO": 39,
        "ABSTAIN": 18
      },
      "votingPowerDistribution": {
        "YES": 10.782834,
        "NO_VOTE": 1.4834259999999981,
        "NO_WITH_VETO": 0.3068059999999999,
        "NO": 0.23167600000000002,
        "ABSTAIN": 0.15755
      },
      "passRate": 95.23809523809523
    },
    "ChainSpecific": {
      "count": 44,
      "passCount": 44,
      "voteDistribution": {
        "YES": 3657,
        "ABSTAIN": 328,
        "NO": 77,
        "NO_VOTE": 2537,
        "WEIGHTED_VOTE": 1
      },
      "votingPowerDistribution": {
        "YES": 21.173757000000066,
        "ABSTAIN": 2.0937990000000006,
        "NO": 0.3957569999999999,
        "NO_VOTE": 3.656877000000002,
        "WEIGHTED_VOTE": 0.009336
      },
      "passRate": 100
    },
    "TextProposal": {
      "count": 259,
      "passCount": 219,
      "voteDistribution": {
        "YES": 13108,
        "ABSTAIN": 3497,
        "NO": 2075,
        "NO_VOTE": 19080,
        "NO_WITH_VETO": 1089,
        "WEIGHTED_VOTE": 1
      },
      "votingPowerDistribution": {
        "YES": 76.19419499999943,
        "ABSTAIN": 20.02087200000011,
        "NO": 10.776657999999989,
        "NO_VOTE": 35.183110999999826,
        "NO_WITH_VETO": 6.420935000000021,
        "WEIGHTED_VOTE": 0.009336
      },
      "passRate": 84.55598455598455
    },
    "TokenRelated": {
      "count": 6,
      "passCount": 6,
      "voteDistribution": {
        "YES": 579,
        "ABSTAIN": 14,
        "NO_VOTE": 307
      },
      "votingPowerDistribution": {
        "YES": 3.6173199999999954,
        "ABSTAIN": 0.05301200000000001,
        "NO_VOTE": 0.33524699999999996
      },
      "passRate": 100
    }
  },
  "topics": {
    "Contract Deployment": {
      "category": "SmartContract",
      "count": 61,
      "passCount": 55,
      "voteDistribution": {
        "YES": 4448,
        "ABSTAIN": 563,
        "NO_VOTE": 3760,
        "NO": 366,
        "NO_WITH_VETO": 13
      },
      "votingPowerDistribution": {
        "YES": 26.385510000000107,
        "ABSTAIN": 2.809084000000001,
        "NO_VOTE": 5.527535000000043,
        "NO": 2.328424999999998,
        "NO_WITH_VETO": 0.040282
      },
      "passRate": 90.1639344262295
    },
    "Feature Enhancement": {
      "category": "SmartContract",
      "count": 6,
      "passCount": 6,
      "voteDistribution": {
        "YES": 451,
        "ABSTAIN": 36,
        "NO_VOTE": 413
      },
      "votingPowerDistribution": {
        "YES": 2.776845,
        "ABSTAIN": 0.10222500000000001,
        "NO_VOTE": 0.6165700000000001
      },
      "passRate": 100
    },
    "IBC Security": {
      "category": "IBCRelated",
      "count": 7,
      "passCount": 7,
      "voteDistribution": {
        "YES": 524,
        "ABSTAIN": 76,
        "NO_VOTE": 447,
        "NO": 3
      },
      "votingPowerDistribution": {
        "YES": 3.062487000000001,
        "ABSTAIN": 0.5490830000000001,
        "NO_VOTE": 0.6600469999999996,
        "NO": 0.013373
      },
      "passRate": 100
    },
    "Contract Upgrade": {
      "category": "SmartContract",
      "count": 6,
      "passCount": 6,
      "voteDistribution": {
        "YES": 514,
        "ABSTAIN": 20,
        "NO_VOTE": 366
      },
      "votingPowerDistribution": {
        "YES": 3.0856409999999994,
        "ABSTAIN": 0.106733,
        "NO_VOTE": 0.5010140000000001
      },
      "passRate": 100
    },
    "Community Support": {
      "category": "CommunityPoolSpend",
      "count": 59,
      "passCount": 49,
      "voteDistribution": {
        "YES": 3331,
        "ABSTAIN": 947,
        "NO_VOTE": 4066,
        "NO": 426,
        "NO_WITH_VETO": 79,
        "WEIGHTED_VOTE": 1
      },
      "votingPowerDistribution": {
        "YES": 19.867922000000057,
        "ABSTAIN": 5.811650000000022,
        "NO_VOTE": 6.7546010000000845,
        "NO": 2.3669399999999987,
        "NO_WITH_VETO": 0.47869599999999995,
        "WEIGHTED_VOTE": 0.009336
      },
      "passRate": 83.05084745762711
    },
    "Protocol Configuration": {
      "category": "ParameterChange",
      "count": 66,
      "passCount": 64,
      "voteDistribution": {
        "YES": 5052,
        "ABSTAIN": 699,
        "NO": 179,
        "NO_VOTE": 3959,
        "WEIGHTED_VOTE": 1,
        "NO_WITH_VETO": 10
      },
      "votingPowerDistribution": {
        "YES": 29.864837000000172,
        "ABSTAIN": 3.979221999999998,
        "NO": 1.070595,
        "NO_VOTE": 5.667166000000058,
        "WEIGHTED_VOTE": 0.008004,
        "NO_WITH_VETO": 0.056665
      },
      "passRate": 96.96969696969697
    },